Workbook

Sheet Sources
A1: SOURCES : chiffres du service, lus sur les propositions (aucun n'est calculé ici)
A3: Exercice | B3: Discordance TTC (p. 52 du 18/05/2026 ; p. 59 du 19/10/2026) | C3: Minoration TVA (p. 57 du 19/10/2026) | D3: Minoration CA HT (p. 57 du 19/10/2026) | E3: Résultat déclaré (p. 58) | F3: Résultat avant cascade (p. 58) | G3: Résultat imposable rectifié (p. 58)
A4: 2023 | B4: 193234.55 | C4: 20421.1 | D4: 172813.45 | E4: 39543 | F4: 232397 | G4: 212356
A5: 2024 | B5: 138863.57 | C5: 14854.01 | D5: 124009.56 | E5: 3675 | F5: 142539 | G5: 127685
A6: 2025 | B6: 139727.76 | C6: 14651.59 | D6: 125076.16 | E6: 4628 | F6: 144356 | G6: 129704
A7: Total | B7: =SUM(B4:B6) | C7: =SUM(C4:C6) | D7: =SUM(D4:D6) | E7: =SUM(E4:E6) | F7: =SUM(F4:F6) | G7: =SUM(G4:G6)
A9: Montants NOTIFIÉS par foyer (p. 59, 60, 62, 63 du 19/10/2026)
A10: Exercice | B10: Part HT par co-gérant (p. 59) | C10: Part TVA par co-gérant (p. 60) | D10: Base RCM par foyer (p. 62) | E10: Assiette × 1,25 (p. 63) | F10: Supplément notifié PASTEUR | G10: Supplément notifié BEHEM | H10: dont majoration 40 % PASTEUR | I10: dont majoration 40 % BEHEM
A11: 2023 | B11: 86407 | C11: 10210 | D11: 96617 | E11: 120771 | F11: 83391 | G11: 73859 | H11: 16277 | I11: 14356
A12: 2024 | B12: 62005 | C12: 7427 | D12: 69432 | E12: 86790 | F12: 56724 | G12: 48124 | H12: 11068 | I12: 9820
A13: 2025 | B13: 62538 | C13: 7326 | D13: 69864 | E13: 87330 | F13: 56830 | G13: 50720 | H13: 10947 | I13: 9756
A14: Total | B14: =SUM(B11:B13) | C14: =SUM(C11:C13) | D14: =SUM(D11:D13) | E14: =SUM(E11:E13) | F14: =SUM(F11:F13) | G14: =SUM(G11:G13) | H14: =SUM(H11:H13) | I14: =SUM(I11:I13)

Sheet Calcul
A1: CALCUL : chaque résultat est une FORMULE chaînée à l'onglet Sources
A3: 1. La base distribuée est le décalque de la reconstitution (TTC = HT + TVA ; base par foyer = TTC ÷ 2)
A4: Exercice | B4: HT + TVA (recalculé) | C4: Écart vs TTC du service | D4: TTC ÷ 2 (recalculé) | E4: Écart vs base RCM notifiée | F4: HT ÷ 2 | G4: Écart vs part HT notifiée | H4: TVA ÷ 2 | I4: Écart vs part TVA notifiée (troncature)
A5: 2023 | B5: =Sources!D4+Sources!C4 | C5: =ROUND(B5-Sources!B4,2) | D5: =ROUND(Sources!B4/2,0) | E5: =D5-Sources!D11 | F5: =Sources!D4/2 | G5: =ROUND(F5-Sources!B11,2) | H5: =Sources!C4/2 | I5: =ROUND(H5-Sources!C11,2)
A6: 2024 | B6: =Sources!D5+Sources!C5 | C6: =ROUND(B6-Sources!B5,2) | D6: =ROUND(Sources!B5/2,0) | E6: =D6-Sources!D12 | F6: =Sources!D5/2 | G6: =ROUND(F6-Sources!B12,2) | H6: =Sources!C5/2 | I6: =ROUND(H6-Sources!C12,2)
A7: 2025 | B7: =Sources!D6+Sources!C6 | C7: =ROUND(B7-Sources!B6,2) | D7: =ROUND(Sources!B6/2,0) | E7: =D7-Sources!D13 | F7: =Sources!D6/2 | G7: =ROUND(F7-Sources!B13,2) | H7: =Sources!C6/2 | I7: =ROUND(H7-Sources!C13,2)
A8: Total | B8: =SUM(B5:B7) | D8: =SUM(D5:D7) | E8: =D8-Sources!D14 | F8: =SUM(F5:F7) | H8: =SUM(H5:H7)
A10: 2. Le rehaussement de BÉNÉFICE (art. 109-1-1° et 110 du CGI) = résultat rectifié − résultat déclaré = minoration HT : la TVA n'en fait pas partie (cascade L. 77 appliquée)
A11: Exercice | B11: Rehaussement de bénéfice (rectifié − déclaré) | C11: Écart vs minoration HT arrondie | D11: Cascade déduite (avant cascade − rectifié) | E11: Écart cascade vs TVA rappelée
A12: 2023 | B12: =Sources!G4-Sources!E4 | C12: =B12-ROUND(Sources!D4,0) | D12: =Sources!F4-Sources!G4 | E12: =D12-ROUND(Sources!C4,0)
A13: 2024 | B13: =Sources!G5-Sources!E5 | C13: =B13-ROUND(Sources!D5,0) | D13: =Sources!F5-Sources!G5 | E13: =D13-ROUND(Sources!C5,0)
A14: 2025 | B14: =Sources!G6-Sources!E6 | C14: =B14-ROUND(Sources!D6,0) | D14: =Sources!F6-Sources!G6 | E14: =D14-ROUND(Sources!C6,0)
A15: Total | B15: =SUM(B12:B14) | D15: =SUM(D12:D14)
A17: 3. Part de TVA imposée comme distribution (art. 109-1-2° invoqué p. 62) : enjeu par foyer et pour les deux foyers
A18: Grandeur | B18: Montant
A19: Part TVA par foyer, 3 ans (notifié) | B19: =Sources!C14
A20: Assiette correspondante × 1,25 | B20: =ROUND(B19*1.25,0)
A21: Part TVA, deux foyers | B21: =2*B19
A22: Part HT par foyer, 3 ans (notifié) | B22: =Sources!B14
A23: Base RCM par foyer, 3 ans (notifié) | B23: =Sources!D14
A24: Contrôle : HT + TVA = base | B24: =B22+B19-B23
A26: 4. Moyen subsidiaire : base distribuée par foyer et assiette × 1,25 selon la réduction de la reconstitution
A27: Réduction | B27: Base / foyer | C27: Assiette × 1,25
A28: 0 % | B28: =ROUND(Sources!D14*(1-0),0) | C28: =ROUND(Sources!E14*(1-0),0)
A29: 25 % | B29: =ROUND(Sources!D14*(1-0.25),0) | C29: =ROUND(Sources!E14*(1-0.25),0)
A30: 50 % | B30: =ROUND(Sources!D14*(1-0.5),0) | C30: =ROUND(Sources!E14*(1-0.5),0)
A31: 75 % | B31: =ROUND(Sources!D14*(1-0.75),0) | C31: =ROUND(Sources!E14*(1-0.75),0)
A32: 100 % | B32: =ROUND(Sources!D14*(1-1),0) | C32: =ROUND(Sources!E14*(1-1),0)
A34: 5. Taux effectif du prélèvement personnel (supplément notifié ÷ base distribuée)
A35: Foyer | B35: Supplément notifié | C35: Base RCM | D35: Taux effectif | E35: Majoration 40 % | F35: Taux hors majoration
A36: PASTEUR | B36: =Sources!F14 | C36: =Sources!D14 | D36: =B36/C36 | E36: =Sources!H14 | F36: =(B36-E36)/C36
A37: BEHEM | B37: =Sources!G14 | C37: =Sources!D14 | D37: =B37/C37 | E37: =Sources!I14 | F37: =(B37-E37)/C37
A38: Deux foyers | B38: =B36+B37 | C38: =C36+C37 | D38: =B38/C38 | E38: =E36+E37 | F38: =(B38-E38)/C38

Sheet Méthode
A1: MÉTHODE : d'où vient chaque chiffre
A2: 1. Discordances TTC, minorations HT et TVA, résultats déclarés / avant cascade / rectifiés : lus sur les propositions personnelles du 19/10/2026 (p. 52 du 18/05 reprise ; p. 57, 58, 59, 60, 62, 63). Aucun n'est recalculé dans l'onglet Sources.
A3: 2. Onglet Calcul § 1 : HT + TVA redonne le TTC du service (écart 0,00 €) ; TTC ÷ 2 redonne la base RCM notifiée par foyer (écart 0 €) ; HT ÷ 2 et TVA ÷ 2 redonnent les parts notifiées (la part TVA 2023 est tronquée par le service : 10 210,55 → 10 210).
A4: 3. Onglet Calcul § 2 : le rehaussement de bénéfice retenu pour l'IS (résultat rectifié − résultat déclaré) est égal à la minoration HT, parce que la TVA rappelée est déduite en cascade (art. L. 77 du LPF). Le bénéfice réputé distribué au sens des art. 109-1-1° et 110 du CGI ne peut donc pas contenir la TVA (CE 9e-10e ch., 19/07/2024, n° 491690). Nota : la cascade 2023 ressort à 20 041 € contre 20 421 € de TVA rappelée (écart 380 €), à vérifier sur l'original.
A5: 4. Onglet Calcul § 3 : enjeu de la part de TVA imposée au titre de l'art. 109-1-2° : 24 963 € de base par foyer (31 204 € d'assiette après × 1,25), 49 926 € pour les deux foyers.
A6: 5. Onglet Calcul § 4 : moyen subsidiaire, base par foyer = 235 913 € × (1 − taux de réduction). Les arrondis suivent ROUND( ;0).
A7: 6. Onglet Calcul § 5 : taux effectifs = suppléments notifiés (PDF scannés, non recalculés : l'IR au barème dépend du revenu propre de chaque foyer) ÷ base distribuée.
