Workbook

Sheet Sources
A1: Montants notifiés (propositions personnelles du 19/10/2026, p. 59-63, identiques BEHEM / PASTEUR ; proposition société du 18/05/2026 p. 58 ; réponse du service du 04/09/2026 p. 95)
A3: Élément | B3: 2023 (clos 31/03/2023) | C3: 2024 (clos 31/03/2024) | D3: 2025 (clos 31/03/2025) | E3: Source
A4: Discordance TTC exacte (société, p. 58 du 18/05/2026) | B4: 193234.55 | C4: 138863.57 | D4: 139727.76 | E4: Proposition 18/05/2026 p. 58
A5: Dissimulation TTC arrondie (p. 59 du 19/10/2026) | B5: 193235 | C5: 138864 | D5: 139728 | E5: Propositions 19/10/2026 p. 59
A6: TVA incluse (p. 59) | B6: 20421 | C6: 14854 | D6: 14652 | E6: Propositions 19/10/2026 p. 59
A7: Part HT par co-gérant notifiée (p. 59) | B7: 86407 | C7: 62005 | D7: 62538 | E7: Propositions 19/10/2026 p. 59
A8: Part TVA par co-gérant notifiée, fondée sur le 109-1-2° (p. 60 et p. 62) | B8: 10210 | C8: 7427 | D8: 7326 | E8: Propositions 19/10/2026 p. 60, 62
A9: Base RCM par foyer notifiée (p. 62) | B9: 96617 | C9: 69432 | D9: 69864 | E9: Propositions 19/10/2026 p. 62
A10: Assiette IR ×1,25 notifiée (p. 63) | B10: 120771 | C10: 86790 | D10: 87330 | E10: Propositions 19/10/2026 p. 63
A11: Supplément notifié PASTEUR (CANON) | B11: 83391 | C11: 56724 | D11: 56830 | E11: Proposition PASTEUR 19/10/2026, tableau final
A12: Supplément notifié BEHEM (CANON) | B12: 73859 | C12: 48124 | D12: 50720 | E12: Proposition BEHEM 19/10/2026, tableau final
A14: Société maintenue (04/09/2026) : IS 97 510 + int. 4 661 + 1729-IS 39 004 + TVA 49 547 + int. 2 607 + 1729-TVA 19 819 | B14: 213148 | E14: Réponse du service 04/09/2026, p. 94-95 ; pièce R2-exposition-et-scenarios.xlsx
A15: Amende 1759 annoncée sous condition (18/05/2026 p. 58) = somme des discordances TTC | B15: 471826 | E15: Proposition 18/05/2026 p. 58
A16: Rappel initial société (18/05/2026) | B16: 684974 | E16: Proposition 18/05/2026 ; CANON

Sheet Calcul
A1: Recalcul par formule de la cascade du service et de la part fondée sur le 109-1-2°
A3: Ligne | B3: 2023 | C3: 2024 | D3: 2025 | E3: Total 3 ans | F3: Contrôle (écart au notifié)
A4: Dissimulation TTC arrondie (total 471 827 = 471 826 exact + 1 d'arrondi) | B4: =Sources!B5 -> 193235 | C4: =Sources!C5 -> 138864 | D4: =Sources!D5 -> 139728 | E4: =SUM(B4:D4) -> 471827 | F4: =E4-ROUND(SUM(Sources!B4:D4),0) -> 1
A5: Dissimulation HT = TTC − TVA | B5: =B4-Sources!B6 -> 172814 | C5: =C4-Sources!C6 -> 124010 | D5: =D4-Sources!D6 -> 125076 | E5: =SUM(B5:D5) -> 421900
A6: Part HT par co-gérant = HT ÷ 2 (arrondi) | B6: =ROUND(B5/2,0) -> 86407 | C6: =ROUND(C5/2,0) -> 62005 | D6: =ROUND(D5/2,0) -> 62538 | E6: =SUM(B6:D6) -> 210950 | F6: =E6-SUM(Sources!B7:D7) -> 0
A7: Part TVA par co-gérant notifiée (TVA ÷ 2, arrondie à l'euro inférieur par le service : 20 421 ÷ 2 = 10 210,5 → 10 210), fondée sur le 109-1-2° | B7: =Sources!B8 -> 10210 | C7: =Sources!C8 -> 7427 | D7: =Sources!D8 -> 7326 | E7: =SUM(B7:D7) -> 24963 | F7: =SUM(Sources!B6:D6)/2-E7 -> 0.5
A8: Base RCM par foyer = part HT + part TVA | B8: =B6+B7 -> 96617 | C8: =C6+C7 -> 69432 | D8: =D6+D7 -> 69864 | E8: =SUM(B8:D8) -> 235913 | F8: =E8-SUM(Sources!B9:D9) -> 0
A9: Assiette IR = base × 1,25 (arrondi) | B9: =ROUND(B8*1.25,0) -> 120771 | C9: =ROUND(C8*1.25,0) -> 86790 | D9: =ROUND(D8*1.25,0) -> 87330 | E9: =SUM(B9:D9) -> 294891 | F9: =E9-SUM(Sources!B10:D10) -> 0
A11: Poids de la part fondée sur le 109-1-2° (TVA) dans la base RCM par foyer | B11: =E7/E8 -> 0.10581443 | F11: fraction (≈ 10,58 %)
A12: Part 109-1-2° par foyer, assiette IR ×1,25 | B12: =E7*1.25 -> 31203.75 | F12: 24 963 × 1,25 = 31 203,75
A13: Part 109-1-2° pour les deux foyers (base RCM) | B13: =2*E7 -> 49926 | F13: 49 926 : écart d'arrondi de 1 € avec la TVA totale 49 927
A14: Base RCM par foyer hors part 109-1-2° | B14: =E8-E7 -> 210950 | F14: égale à la part HT sur 3 ans
A16: Bilan de la désignation du 16/06/2026 | B16: Montant | F16: Lecture
A17: Amende 1759 annoncée sous condition (18/05/2026) | B17: =Sources!B15 -> 471826 | F17: écartée par la désignation
A18: Suppléments personnels notifiés (PASTEUR + BEHEM) | B18: =SUM(Sources!B11:D12) -> 369648 | F18: 369 648 € (CANON)
A19: Écart : amende écartée − suppléments notifiés | B19: =B17-B18 -> 102178 | F19: 102 178 € de moins qu'au 18/05/2026, si le fond est perdu
A20: Exposition réelle = société maintenue + suppléments | B20: =Sources!B14+B18 -> 582796 | F20: 582 796 € (CANON)
A21: Rappel initial = société maintenue + amende | B21: =Sources!B14+B17 -> 684974 | F21: 684 974 € (CANON)
A22: Contrôle : rappel initial − 684 974 | B22: =B21-Sources!B16 -> 0 | F22: doit être 0
A24: Ordre de grandeur (prorata, barème non reconstituable sans 2042) : supplément notifié × poids 109-1-2° | B24: PASTEUR | C24: BEHEM | F24: estimation proportionnelle, non une liquidation
A25: Supplément notifié | B25: =SUM(Sources!B11:D11) -> 196945 | C25: =SUM(Sources!B12:D12) -> 172703 | F25: 196 945 / 172 703
A26: × poids de la part 109-1-2° (ligne 11) | B26: =ROUND(B25*$B$11,0) -> 20840 | C26: =ROUND(C25*$B$11,0) -> 18274 | F26: ordre de grandeur de ce que porte le fondement 109-1-2°

Sheet Méthode
A1: Objet : recalculer par formule la cascade des propositions personnelles du 19/10/2026 (p. 59 à 63) et isoler la part des distributions que le service fonde sur le 2° du 1 de l'article 109 du CGI (p. 62).
A2: Toutes les cellules de l'onglet Calcul sont des formules sur l'onglet Sources ; la colonne « Contrôle » compare au montant notifié (0 = concordance).
A3: Arrondis : le service arrondit chaque exercice à l'euro (p. 59) ; la somme des parts TVA des deux foyers (49 926) diffère de 1 € de la TVA totale (49 927) du fait de ces arrondis.
A4: La ligne « ordre de grandeur » n'est pas une liquidation : le supplément notifié dépend du barème propre à chaque foyer (revenu 2042 non disponible) ; elle donne seulement le poids proportionnel du fondement 109-1-2° dans le supplément.
A5: Chiffres verrouillés (CANON) : 471 826 / 235 913 / 294 891 / 369 648 / 213 148 / 582 796 / 684 974.
