Workbook

Sheet Sources
A1: PIECE R2 — EXTRAPOLATION CUISINE : sources brutes (valeurs en dur, citees). Les autres onglets ne contiennent que des FORMULES.
A3: Exercice | B3: CA liquides reel (annexe D) | C3: CA cuisine reel (annexe D) | D3: CA liquides reconstitue (service) | E3: Coef applique (p.52) | F3: CA declare
A4: 2022-2023 | B4: 102425.38 | C4: 300747.04 | D4: 151590 | E4: 2.94 | F4: 404031
A5: 2023-2024 | B5: 108919.28 | C5: 329361.84 | D5: 143662 | E5: 3.02 | F5: 438658
A6: 2024-2025 | B6: 106112.96 | C6: 329452 | D6: 140306 | E6: 3.1 | F6: 435525
A7: TOTAL 3 ans | B7: =SUM(B4:B6) | C7: =SUM(C4:C6) | D7: =SUM(D4:D6) | F7: =SUM(F4:F6) | G7: Source : annexes D1-D3 (service) ; CA liquides reconstitue & coef : proposition p.52 ; CA declare : p.34-35

Sheet Rapport
A1: Le coefficient du service EST le rapport liquides/solides lu dans la caisse, mesure AVANT correction. Derive ici par formule.
A3: Exercice | B3: Rapport reel = cuisine reelle / liquides reels (=formule) | C3: Coef applique par le service | D3: Ecart
A4: 2022-2023 | B4: =Sources!C4/Sources!B4 | C4: =Sources!E4 | D4: =B4-C4
A5: 2023-2024 | B5: =Sources!C5/Sources!B5 | C5: =Sources!E5 | D5: =B5-C5
A6: 2024-2025 | B6: =Sources!C6/Sources!B6 | C6: =Sources!E6 | D6: =B6-C6
A7: Le rapport reel (2,9363 / 3,0239 / 3,1047) egale, a 0,01 pres, le coefficient applique (2,94 / 3,02 / 3,10).

Sheet Extrapolation
A1: Cuisine extrapolee, cuisine fantome, part du rehaussement et bras de levier. Tout DERIVE par formule des Sources.
A3: Exercice | B3: CA liquides reconstitue | C3: Coef | D3: Cuisine extrapolee (=formule) | E3: Cuisine reelle (annexe D) | F3: Cuisine fantome (=formule) | G3: Facteur de levier 1+coef (=formule)
A4: 2022-2023 | B4: =Sources!D4 | C4: =Sources!E4 | D4: =B4*C4 | E4: =Sources!C4 | F4: =D4-E4 | G4: =1+C4
A5: 2023-2024 | B5: =Sources!D5 | C5: =Sources!E5 | D5: =B5*C5 | E5: =Sources!C5 | F5: =D5-E5 | G5: =1+C5
A6: 2024-2025 | B6: =Sources!D6 | C6: =Sources!E6 | D6: =B6*C6 | E6: =Sources!C6 | F6: =D6-E6 | G6: =1+C6
A7: TOTAL 3 ans | D7: =SUM(D4:D6) | E7: =SUM(E4:E6) | F7: =SUM(F4:F6)
A9: Total reconstitue 3 ans (597265+577522+575253) | D9: =597265+577522+575253
A10: CA declare 3 ans (onglet Sources) | D10: =Sources!F7
A11: Rehaussement total = reconstitue - declare | D11: =D9-D10
A12: PART de la cuisine fantome dans le rehaussement = fantome / rehaussement | D12: =F7/D11
A14: Bras de levier : effet de 1 000 EUR de CA liquides sur-evalues (=formule)
A15: Exercice | B15: Sur-evaluation liquides | C15: Effet sur cuisine = x coef (=formule) | D15: Effet sur total = x (1+coef) (=formule)
A16: 2022-2023 | B16: 1000 | C16: =B16*Sources!E4 | D16: =B16*(1+Sources!E4)
A17: 2023-2024 | B17: 1000 | C17: =B17*Sources!E5 | D17: =B17*(1+Sources!E5)
A18: 2024-2025 | B18: 1000 | C18: =B18*Sources!E6 | D18: =B18*(1+Sources!E6)

Sheet Methode
A1: METHODE — PIECE R2 EXTRAPOLATION CUISINE
A3: 1. Le service ne mesure jamais le CA cuisine : il le reconstitue par CA cuisine = CA liquides reconstitue x coefficient (proposition p.52).
A4: Le coefficient (2,94 / 3,02 / 3,10) est le RAPPORT liquides/solides lu au bas des annexes D ('RAPPORT POUR 1 EUR DE CA LIQUIDE = ... C-A SOLIDE').
A6: 2. Onglet Rapport : ce rapport = CA cuisine REEL / CA liquides REEL (de la caisse), soit 300747,04/102425,38 = 2,9363, etc. Il est mesure AVANT toute correction.
A8: 3. Onglet Extrapolation : cuisine extrapolee = liquides reconstitue x coef ; cuisine fantome = extrapolee - reelle.
A9: Total fantome 3 ans = 1 314 482 - 959 561 = 354 921 EUR. Rehaussement total = 1 750 040 - 1 278 214 = 471 826 EUR. Part = 354 921 / 471 826 = 75,2 %.
A11: 4. Facteur de levier = 1 + coef = 3,94 / 4,02 / 4,10 (strictement, non 'quadruple'). Il porte sur l'EURO de CA liquides, pas sur le litre (la valeur d'un litre varie de 32,50 a 172,50 EUR/L).
A12: Chaque euro de CA liquides sur-evalue deplace le total de ce facteur, parce que total = liquides x (1 + coef). Ce n'est pas un double compte : c'est la derivee du total.
A14: 5. Le chiffre 354 921 EUR est DERIVE a l'identique dans la piece R2-coefficient-revente et ici : meme cuisine reelle 959 561, meme cuisine extrapolee 1 314 482, meme rehaussement 471 826.
A16: LIMITES. (a) le retrait des 354 921 EUR suppose etabli, dans les pages liquides dediees (sur-versement, cremant, etc.), que le CA liquides reconstitue est sur-evalue ;
A17: (b) le levier n'est un BENEFICE pour la defense que si ces corrections de liquides sont admises ; a CA liquides exact, l'extrapolation tiendrait ;
A18: (c) la caisse elle-meme etant par ailleurs rejetee par le service, le CA cuisine enregistre (959 561) n'est oppose qu'a titre de mesure directe disponible, non comme preuve d'exhaustivite.
