Workbook

Sheet Sources
A1: R2 - Inventaire boissons des 3 exercices : sources
A2: Deux jeux de chiffres. (1) Pages récapitulatives datées des inventaires (PDF joints) : valeurs OPPOSABLES. (2) Ventilation du mémoire du 10/07/2026 reproduite p. 31 du courrier : rappelée pour mémoire, ÉCARTÉE là où elle diverge.
A4: Clôture | B4: Sans alcool - page datée (€) | C4: Alcools & vins - page datée (€) | D4: Total imprimé sur la page (€) | E4: Sans alcool - mémoire p.31 (€) | F4: Alcools & vins - mémoire p.31 (€) | G4: Total mémoire p.31 (€)
A5: 31/03/2023 | B5: 727.7 | C5: 3050.29 | D5: 7 030,61 (total mixte, pas de sous-total boissons imprimé) | E5: 617.91 | F5: 3056.26 | G5: 3674.17
A6: 31/03/2024 | B6: 870.59 | C6: 3937.07 | D6: 4807.6 | E6: 603.61 | F6: 3932.8 | G6: 4536.41
A7: 31/03/2025 | B7: 765.74 | C7: 3768.51 | D7: 4534.25 | E7: 760.74 | F7: 3772.48 | G7: 4533.22

Sheet Calcul
A1: R2 - Inventaire boissons : stock opposable recalculé par formule
A3: Clôture | B3: Sans alcool (€) | C3: Alcools & vins (€) | D3: Stock boissons opposable = somme (€) | E3: Total imprimé (€) | F3: Écart somme vs imprimé (€) | G3: Rappel mémoire p.31 (€) | H3: Écart opposable vs mémoire (€)
A4: =Sources!A5 | B4: =Sources!B5 | C4: =Sources!C5 | D4: =B4+C4 | E4: pas de sous-total boissons imprimé | F4: n/a | G4: =Sources!G5 | H4: =D4-G4
A5: =Sources!A6 | B5: =Sources!B6 | C5: =Sources!C6 | D5: =B5+C5 | E5: =Sources!D6 | F5: =D5-E5 | G5: =Sources!G6 | H5: =D5-G5
A6: =Sources!A7 | B6: =Sources!B7 | C6: =Sources!C7 | D6: =B6+C6 | E6: =Sources!D7 | F6: =D6-E6 | G6: =Sources!G7 | H6: =D6-G6
A8: Stock boissons opposable : 3 777,99 € (2023) / 4 807,66 € (2024) / 4 534,25 € (2025).
A9: 31/03/2024 : la somme des sous-lignes vaut 4 807,66 € ; la page imprime « Total : 4 807,60 € » (coquille d'impression de 0,06 €). Le service a repris la somme des sous-lignes (4 807,66 €).
A10: Divergence avec le mémoire p.31 : 2023 alcools 3 056,26 € = recopie (état d'origine 3 050,29 €, pied imprimé p.12) ; 2024 et 2025, ventilations du mémoire non adoptées, les pages datées faisant foi.

Sheet Methode
A1: R2 - Inventaire 3 exercices : méthode
A3: Objet : fixer une valeur de stock boissons unique et opposable par clôture, et expliquer l'écart avec la ventilation du mémoire du 10/07/2026 reproduite p. 31.
A5: Valeur opposable = page récapitulative datée de chaque inventaire (PDF joints) :
A6: - 31/03/2023 : 727,70 + 3 050,29 = 3 777,99 € (la page n'imprime que le total mixte 7 030,61 €).
A7: - 31/03/2024 : 870,59 + 3 937,07 = 4 807,66 € (la page imprime « Total : 4 807,60 € », coquille de 0,06 €).
A8: - 31/03/2025 : 765,74 + 3 768,51 = 4 534,25 € (imprimé « BOISSONS 4 534,25 € »).
A10: Chiffres écartés (mémoire p.31) : 3 674,17 / 4 536,41 / 4 533,22 €. Ils procèdent de ventilations sans alcool/alcools non reprises des pages datées (dont une recopie du total alcools 2023 : 3 056,26 au lieu de 3 050,29). La société ne les oppose pas.
A12: Cohérence aval : 4 807,66 − 4 534,25 = 273,41 € et 3 777,99 − 4 807,66 = −1 029,67 €, soit exactement les variations portées au compte 310 200 par le service.
