Workbook

Sheet Sources
A1: Sources : totaux portes en pied des feuilles de comptage (inventaires scannes d'origine)
A2: Chaque ligne reprend un sous-total manuscrit ou imprime lu en pied d'une feuille de comptage des 3 PDF d'inventaire. Ces valeurs sont les DONNEES BRUTES ; les resultats sont calcules par formule dans l'onglet « Calcul ».
A4: Cle (exercice|categorie) | B4: Exercice (cloture) | C4: Categorie | D4: Feuille / page du PDF | E4: Lecture | F4: Sous-total en pied (€)
A5: 2023|SANS | B5: 31/03/2023 | C5: Boissons sans alcool | D5: p.10 (tableau SANS ALCOOL) | E5: imprime en pied | F5: 727.7
A6: 2023|ALC | B6: 31/03/2023 | C6: Alcools et vins | D6: p.12 (pied du tableau ALCOOL, p.11-12) | E6: imprime en pied | F6: 3050.29
A7: 2024|SANS | B7: 31/03/2024 | C7: Boissons sans alcool | D7: p.2-7 (fiche FCBS, sous-totaux manuscrits) | E7: manuscrit | F7: 198.79
A8: 2024|SANS | B8: 31/03/2024 | C8: Boissons sans alcool | D8: p.2-7 (fiche FCBS, sous-totaux manuscrits) | E8: manuscrit | F8: 585.13
A9: 2024|SANS | B9: 31/03/2024 | C9: Boissons sans alcool | D9: p.2-7 (fiche FCBS, sous-totaux manuscrits) | E9: manuscrit | F9: 34.75
A10: 2024|SANS | B10: 31/03/2024 | C10: Boissons sans alcool | D10: p.7 (fiche FCBS, « Sans Alc. = 51,92 ») | E10: manuscrit | F10: 51.92
A11: 2024|ALC | B11: 31/03/2024 | C11: Alcools et vins | D11: p.2-7 (fiche FCBS, sous-totaux manuscrits) | E11: manuscrit | F11: 210.7
A12: 2024|ALC | B12: 31/03/2024 | C12: Alcools et vins | D12: p.2-7 (fiche FCBS, sous-totaux manuscrits) | E12: manuscrit | F12: 561.32
A13: 2024|ALC | B13: 31/03/2024 | C13: Alcools et vins | D13: p.2-7 (fiche FCBS, sous-totaux manuscrits) | E13: manuscrit | F13: 900.99
A14: 2024|ALC | B14: 31/03/2024 | C14: Alcools et vins | D14: p.2-7 (fiche FCBS, sous-totaux manuscrits) | E14: manuscrit | F14: 1704.49
A15: 2024|ALC | B15: 31/03/2024 | C15: Alcools et vins | D15: p.7 (fiche FCBS, « Avec Alc = 559,57 ») | E15: manuscrit | F15: 559.57
A16: 2025|ALC | B16: 31/03/2025 | C16: Alcools et vins | D16: p.8 (feuille cotee 5/5) | E16: manuscrit | F16: 557.99
... A20: 2025|SANS | B20: 31/03/2025 | C20: Boissons sans alcool | D20: p.12 (feuille cotee 5/5) | E20: manuscrit | F20: 287.33
E21: Somme de controle (toutes lignes) | F21: =SUM(F5:F20)

Sheet Pages_datees
A1: Pages recapitulatives datees (page 1 de chaque PDF d'inventaire)
A2: Valeurs lues sur la 1re page datee de chaque PDF. Le total boissons est calcule par formule (sans alcool + alcools). La page 2024 imprime « Total : 4 807.60 € » (coquille) ; le report manuscrit de la p.7 et l'ecriture comptable retiennent 4 807,66 €, somme reelle des deux lignes.
A4: Exercice (cloture) | B4: Boissons sans alcool (€) | C4: Alcools et vins (€) | D4: Total boissons (= somme, formule) | E4: Rappel total imprime
A5: 31/03/2023 | B5: 727.7 | C5: 3050.29 | D5: =B5+C5 | E5: pas de sous-total boissons imprime (somme des 2 lignes)
A6: 31/03/2024 | B6: 870.59 | C6: 3937.07 | D6: =B6+C6 | E6: imprime « Total : 4 807.60 € » (coquille) ; report manuscrit p.7 = 4 807,66 €
A7: 31/03/2025 | B7: 765.74 | C7: 3768.51 | D7: =B7+C7 | E7: imprime « Boissons : 4 534.25 € »

Sheet Calcul
A1: Calcul : la chaine, feuilles de comptage -> pages datees -> compte de stock
A2: Bloc A : la somme des feuilles de comptage (SOMME.SI sur l'onglet Sources) est confrontee, categorie par categorie, au total porte sur la page datee. Bloc B : les stocks de cloture et la variation de stock, confrontes au montant retenu par le service. Toutes les cases « resultat » sont des formules.
A4: A. Rapprochement : somme des feuilles de comptage vs page recapitulative datee
A5: Exercice | B5: Categorie | C5: Somme des feuilles (SOMME.SI Sources) | D5: Page datee | E5: Ecart (formule) | F5: Etat
A6: 31/03/2023 | B6: Sans alcool | C6: =SUMIF(Sources!$A$5:$A$20,"2023|SANS",Sources!$F$5:$F$20) | D6: =Pages_datees!B5 | E6: =C6-D6 | F6: =IF(ROUND(E6,2)=0,"nul","ECART")
A7: 31/03/2023 | B7: Alcools et vins | C7: =SUMIF(Sources!$A$5:$A$20,"2023|ALC",Sources!$F$5:$F$20) | D7: =Pages_datees!C5 | E7: =C7-D7 | F7: =IF(ROUND(E7,2)=0,"nul","ECART")
A8: 31/03/2024 | B8: Sans alcool | C8: =SUMIF(Sources!$A$5:$A$20,"2024|SANS",Sources!$F$5:$F$20) | D8: =Pages_datees!B6 | E8: =C8-D8 | F8: =IF(ROUND(E8,2)=0,"nul","ECART")
A9: 31/03/2024 | B9: Alcools et vins | C9: =SUMIF(Sources!$A$5:$A$20,"2024|ALC",Sources!$F$5:$F$20) | D9: =Pages_datees!C6 | E9: =C9-D9 | F9: =IF(ROUND(E9,2)=0,"nul","ECART")
A10: 31/03/2025 | B10: Alcools et vins | C10: =SUMIF(Sources!$A$5:$A$20,"2025|ALC",Sources!$F$5:$F$20) | D10: =Pages_datees!C7 | E10: =C10-D10 | F10: =IF(ROUND(E10,2)=0,"nul","ECART")
A11: 31/03/2025 | B11: Sans alcool | C11: =SUMIF(Sources!$A$5:$A$20,"2025|SANS",Sources!$F$5:$F$20) | D11: =Pages_datees!B7 | E11: =C11-D11 | F11: =IF(ROUND(E11,2)=0,"nul","ECART")
B12: Rapprochements nuls / total | F12: =COUNTIF(F6:F11,"nul")&" / "&COUNTA(F6:F11)
A15: B. Stock de cloture (boissons) et variation de stock vs montant retenu par le service
A16: Exercice comptable | B16: Stock initial (page datee) | C16: Stock final (page datee) | D16: Variation = initial - final (formule) | E16: Retenu par le service | F16: Ecart (formule)
A17: 2022-2023 | B17: non repris | C17: =Pages_datees!D5 | D17: non calculable | E17: -800.83 | F17: non calculable | G17: stock au 31/03/2022 non repris dans nos etats -> variation non calculable de notre cote
A18: 2023-2024 | B18: =Pages_datees!D5 | C18: =Pages_datees!D6 | D18: =B18-C18 | E18: -1029.67 | F18: =D18-E18 | G18: coincide au centime
A19: 2024-2025 | B19: =Pages_datees!D6 | C19: =Pages_datees!D7 | D19: =B19-C19 | E19: -273.41 | F19: =D19-E19 | G19: egalite en valeur absolue ; signe inverse au compte, releve pour memoire

Sheet Methode
A1: Methode : d'ou vient chaque chiffre
A3: OBJET. Cette piece reconstruit, par formule, la chaine des totaux de stock de boissons des trois exercices verifies, depuis les feuilles de comptage des inventaires d'origine jusqu'au compte de stock dont le service tire sa reconstitution. Aucun resultat n'est saisi en dur : les sommes, ecarts et variations sont des formules Excel (SOMME, SOMME.SI, IF, COUNTIF). Seules les donnees brutes lues sur les scans sont saisies.
A5: ONGLET « Sources ». Chaque ligne = un sous-total lu en pied d'une feuille de comptage d'un des trois PDF d'inventaire (colonne « Feuille / page du PDF »). Lecture directe des scans :
A6: • 31/03/2023 : p.10 tableau SANS ALCOOL = 727,70 € (imprime) ; p.12 pied du tableau ALCOOL = 3 050,29 € (imprime).
A7: • 31/03/2024 : fiche client FRANCHE-COMTE BOISSONS SERVICE editee « Le 7/03/24 a 13:55:33 - Semaine 10 Jour 67 » ; report manuscrit p.7 : « Total Sans Alcool = 870,59 / Avec Alcool = 3937,07 / 4807,66 ». Les sous-totaux manuscrits des feuilles somment a ces deux totaux (verifie par formule en onglet Calcul).
A8: • 31/03/2025 : feuilles manuscrites cotees 3/5 a 5/5 ; alcools p.8 = 557,99 / p.9 = 1 524,04 / p.10 = 1 686,48 ; sans alcool p.11 = 478,41 / p.12 = 287,33.
A10: CORRECTION DE LECTURE (feuille sans alcool 2025, p.11). Une version anterieure de la transcription portait 473,41 € en pied de cette feuille. La re-sommation des vingt lignes entourees (32,70 + 27,12 + 50,40 + 30,42 + 15,63 + 32,10 + 13,89 + 21,50 + 9,68 + 6,11 + 11,22 + 9,28 + 4,32 + 12,72 + 4,64 + 77,88 + 41,61 + 19,20 + 29,93 + 28,06) donne 478,41 € au centime, et le chiffre manuscrit en pied se lit 478,41. La valeur retenue ici est donc 478,41 €. Consequence : sans alcool 2025 = 478,41 + 287,33 = 765,74 €, soit exactement la page datee (765,74 €) : le sixieme rapprochement est nul, et la chaine est nulle 6 fois sur 6.
A12: ONGLET « Pages_datees ». Totaux lus en page 1 de chaque PDF. Le total boissons de la colonne D est une formule (sans alcool + alcools). La page 2024 imprime « Total : 4 807.60 € » : c'est une coquille d'impression ; la somme reelle des deux lignes (870,59 + 3 937,07) et le report manuscrit de la p.7 donnent 4 807,66 €, montant enregistre en comptabilite.
A14: ONGLET « Calcul », bloc A. Pour chaque exercice et categorie, la colonne C fait SOMME.SI sur l'onglet Sources (cle exercice|categorie), la colonne D pointe la page datee, la colonne E calcule l'ecart et la colonne F le qualifie (« nul » si arrondi a 0). Resultat : 6 rapprochements sur 6 nuls au centime.
A16: ONGLET « Calcul », bloc B. Le stock de cloture (boissons) de chaque page datee sert a calculer la variation de stock (stock initial - stock final, formule). Elle est confrontee au montant retenu par le service (annexes 7-1 a 7-3, ligne « 312000 STOCK BOISSONS DEMI LUNE », et tableau consolide p.34-35) :
A17: • 2023-2024 : 3 777,99 - 4 807,66 = -1 029,67 € = montant retenu par le service (ecart nul).
A18: • 2024-2025 : 4 807,66 - 4 534,25 = +273,41 € ; le service retient -273,41 € (egalite en valeur absolue ; le signe porte au compte est inverse de la convention, point releve pour memoire).
... A23: SOURCES PRIMAIRES. Inventaire_Demi_Lune_2023-03-31.pdf ; Inventaire_Demi_Lune_2024-03-31.pdf ; Inventaire_Demi_Lune_2025-03-31.pdf (public/documents/inventaires/).
