Workbook

Sheet Sources
A1: Sources : propositions de rectification personnelles du 19/10/2026 (PASTEUR, BEHEM) et proposition société du 18/05/2026
A2: Valeurs recopiées des tableaux « Conséquences financières » (PASTEUR p. 67-76 ; BEHEM p. 69-70, 71-72, 75-76) et des tableaux récapitulatifs IS p. 59-62 / TVA p. 63-65 de la proposition société. Aucune valeur estimée.
A3: Grandeur | B3: Source | C3: 2023 / clos 31/03/2023 | D3: 2024 / clos 31/03/2024 | E3: 2025 / clos 31/03/2025
A4: PASTEUR : base IR (variation) | B4: p. 67, 71, 75 | C4: 40693 | D4: 27669 | E4: 27367
A5: PASTEUR : majoration 1729 sur IR (code 03) | B5: p. 67, 71, 75 | C5: 16277 | D5: 11068 | E5: 10947
A6: PASTEUR : base PS (CSG-CRDS + PSOL) | B6: p. 67-68, 71-72, 75-76 | C6: 16618 | D6: 11942 | E6: 12995
A7: PASTEUR : majoration 1729 sur PS | B7: p. 68, 72, 76 | C7: 6647 | D7: 4777 | E7: 5198
A8: PASTEUR : intérêts de retard IR | B8: p. 67, 71, 75 | C8: 2225 | D8: 885 | E8: 219
A9: PASTEUR : intérêts de retard PS | B9: p. 68, 72, 76 | C9: 931 | D9: 383 | E9: 104
A10: PASTEUR : total mis en recouvrement | B10: p. 68, 72, 76 | C10: 83391 | D10: 56724 | E10: 56830
A11: BEHEM : majoration 1729 sur IR (code 03) | B11: p. 69 ; p. 71 (avis 2024) ; p. 75 | C11: 14356 | D11: 9820 | E11: 9756
A12: BEHEM : majoration 1729 sur PS | B12: p. 69-70 ; p. 71 (2 406 + 1 860) ; p. 76 | C12: 5944 | D12: 4266 | E12: 4653
A13: BEHEM : intérêts de retard IR | B13: p. 69 ; p. 71 ; p. 75 | C13: 1974 | D13: 692 | E13: 195
A14: BEHEM : intérêts de retard PS | B14: p. 69 ; p. 71 (192 + 149) ; p. 76 | C14: 832 | D14: 341 | E14: 94
A15: BEHEM : total mis en recouvrement | B15: p. 70, 72, 76 | C15: 73859 | D15: 48124 | E15: 50720
... A21: SOCIÉTÉ : intérêts TVA | B21: 18/05 p. 63-65 | C21: 1483 | D21: 743 | E21: 381

Sheet Calcul
A1: Enjeu de la majoration de 40 % (art. 1729 a CGI), par formule
A2: Ligne | B2: 2023 | C2: 2024 | D2: 2025 | E2: Total 3 ans | F2: Contrôle
A3: PASTEUR 40 % IR recalculé = ROUND(base × 0,4) | B3: =ROUND(Sources!C4*0.4,0) | C3: =ROUND(Sources!D4*0.4,0) | D3: =ROUND(Sources!E4*0.4,0) | E3: =SUM(B3:D3) | F3: =IF(AND(B3=Sources!C5,C3=Sources!D5,D3=Sources!E5),"= notifié","écart")
A4: PASTEUR 40 % IR notifié | B4: =Sources!C5 | C4: =Sources!D5 | D4: =Sources!E5 | E4: =SUM(B4:D4)
A5: PASTEUR 40 % PS notifié | B5: =Sources!C7 | C5: =Sources!D7 | D5: =Sources!E7 | E5: =SUM(B5:D5)
A6: PASTEUR total 40 % | B6: =B4+B5 | C6: =C4+C5 | D6: =D4+D5 | E6: =SUM(B6:D6)
A7: PASTEUR intérêts (IR + PS) | B7: =Sources!C8+Sources!C9 | C7: =Sources!D8+Sources!D9 | D7: =Sources!E8+Sources!E9 | E7: =SUM(B7:D7)
A8: PASTEUR contrôle : base IR + int. + 40 % + base PS + int. + 40 % = total mis en recouvrement | B8: =Sources!C4+Sources!C8+Sources!C5+Sources!C6+Sources!C9+Sources!C7 | C8: =Sources!D4+Sources!D8+Sources!D5+Sources!D6+Sources!D9+Sources!D7 | D8: =Sources!E4+Sources!E8+Sources!E5+Sources!E6+Sources!E9+Sources!E7 | E8: =SUM(B8:D8) | F8: =IF(AND(B8=Sources!C10,C8=Sources!D10,D8=Sources!E10),"= total notifié","écart")
A9: BEHEM 40 % IR notifié | B9: =Sources!C11 | C9: =Sources!D11 | D9: =Sources!E11 | E9: =SUM(B9:D9)
A10: BEHEM 40 % PS notifié | B10: =Sources!C12 | C10: =Sources!D12 | D10: =Sources!E12 | E10: =SUM(B10:D10)
A11: BEHEM total 40 % | B11: =B9+B10 | C11: =C9+C10 | D11: =D9+D10 | E11: =SUM(B11:D11)
A12: BEHEM intérêts (IR + PS) | B12: =Sources!C13+Sources!C14 | C12: =Sources!D13+Sources!D14 | D12: =Sources!E13+Sources!E14 | E12: =SUM(B12:D12)
A13: SOCIÉTÉ 40 % IS recalculé | B13: =ROUND(Sources!C16*0.4,0) | C13: =ROUND(Sources!D16*0.4,0) | D13: =ROUND(Sources!E16*0.4,0) | E13: =SUM(B13:D13) | F13: =IF(AND(B13=Sources!C17,C13=Sources!D17,D13=Sources!E17),"= notifié","écart")
A14: SOCIÉTÉ 40 % TVA recalculé | B14: =ROUND(Sources!C18*0.4,0) | C14: =ROUND(Sources!D18*0.4,0) | D14: =ROUND(Sources!E18*0.4,0) | E14: =SUM(B14:D14) | F14: =IF(AND(B14=Sources!C19,C14=Sources!D19,D14=Sources!E19),"= notifié","écart")
A15: SOCIÉTÉ total 40 % | B15: =B13+B14 | C15: =C13+C14 | D15: =D13+D14 | E15: =SUM(B15:D15)
A16: SOCIÉTÉ intérêts (IS + TVA) | B16: =Sources!C20+Sources!C21 | C16: =Sources!D20+Sources!D21 | D16: =Sources!E20+Sources!E21 | E16: =SUM(B16:D16)
A17: TOTAL 40 % foyers (PASTEUR + BEHEM) | B17: =B6+B11 | C17: =C6+C11 | D17: =D6+D11 | E17: =SUM(B17:D17)
A18: TOTAL 40 % société + foyers | B18: =B15+B17 | C18: =C15+C17 | D18: =D15+D17 | E18: =SUM(B18:D18)
A19: TOTAL intérêts société + foyers | B19: =B7+B12+B16 | C19: =C7+C12+C16 | D19: =D7+D12+D16 | E19: =SUM(B19:D19)
A20: Exposition totale notifiée (société 213 148 + foyers 369 648) | E20: =213148+SUM(Sources!C10:E10)+SUM(Sources!C15:E15)
A21: Part de la majoration de 40 % dans l'exposition | E21: =E18/E20
A22: Droits des foyers hors pénalités (369 648 − 40 % − intérêts) | E22: =SUM(Sources!C10:E10)+SUM(Sources!C15:E15)-E17-B12-C12-D12-B7-C7-D7

Sheet Méthode
A1: Objet : chiffrer, euro par euro, la majoration de 40 % (art. 1729 a CGI) notifiée à chaque foyer le 19/10/2026 et à la société le 18/05/2026, et vérifier que les montants notifiés sont bien 40 % des bases.
A2: Onglet Sources : recopie des tableaux « Conséquences financières » des propositions personnelles (codes pénalité 03 = manquement délibéré 40 %) et des récapitulatifs IS/TVA de la proposition société.
A3: Onglet Calcul : ROUND(base × 0,4) = montant notifié pour PASTEUR (IR) et pour la société (IS, TVA) ; les bases IR de BEHEM 2024 ne figurent pas dans l'OCR (page « conséquences financières » 2024 absente), le montant notifié (9 820 €) est repris de l'avis détaillé p. 71.
A4: Contrôle PASTEUR : base IR + intérêts + 40 % + base PS + intérêts + 40 % = total mis en recouvrement (83 391 / 56 724 / 56 830), à l'euro près.
A5: Contrôle BEHEM 2023 : 35 891 + 1 974 + 14 356 + 14 862 + 832 + 5 944 = 73 859 ; 2025 : 24 390 + 195 + 9 756 + 11 632 + 94 + 4 653 = 50 720 ; 2024 : 25 720 + 692 + 9 820 − 4 083 + 6 411 + 192 + 2 406 + 4 957 + 149 + 1 860 = 48 124.
A6: Résultat : 40 % foyers = 54 914 (PASTEUR) + 48 795 (BEHEM) = 103 709 € ; 40 % société = 58 823 € ; total 162 532 € = 27,9 % de l'exposition de 582 796 €. Intérêts : 4 747 + 4 128 + 7 268 = 16 143 €.
A7: Attention : les « discordances HT » citées par la motivation (96 617 / 69 432 / 69 864 €) sont la moitié par foyer des distributions réputées, pas l'assiette de la majoration ; l'assiette du 40 % est l'impôt supplémentaire (IR, PS, IS, TVA).
