Workbook

Sheet Sources
A1: Sources — proposition de rectification 3924, SARL LA DEMI-LUNE (éditée le 18/05/2026)
A3: Toutes les valeurs ci-dessous sont recopiées des tableaux récapitulatifs IS (pages 59-62) et TVA (pages 63-65) de la proposition société, ainsi que des discordances TTC page 58. Aucune valeur n'est estimée.
A5: Grandeur (source page) | B5: Base / assiette | C5: Clos 31/03/2023 | D5: Clos 31/03/2024 | E5: Clos 31/03/2025
A6: IS supplémentaire — variation (p. 60) | B6: Droits IS pénalisables | C6: 42908 | D6: 27120 | E6: 27482
A7: TVA — droits éludés / pénalisables (p. 63-65) | B7: Droits TVA pénalisables | C7: 20041 | D7: 14854 | E7: 14652
A8: Majoration 1729 (40 %) IS retenue par le service (p. 61-62) | B8: Montant notifié | C8: 17163 | D8: 10848 | E8: 10993
A9: Majoration 1729 (40 %) TVA retenue par le service (p. 63-65) | B9: Montant notifié | C9: 8016 | D9: 5942 | E9: 5861
A10: Minorations / discordances TTC invoquées pour la « répétition » (p. 58) | B10: Assiette distincte | C10: 193234.55 | D10: 138863.57 | E10: 139727.76

Sheet Calcul
A1: Calcul de l'enjeu de la majoration de 40 % (art. 1729) — par formule
A3: Impôt / exercice | B3: Base pénalisable (Sources) | C3: Taux | D3: 40 % recalculé | E3: 40 % notifié par le service
A4: IS — clos 31/03/2023 | B4: =Sources!C6 | C4: 0.4 | D4: =ROUND(B4*C4,0) | E4: =Sources!C8
A5: IS — clos 31/03/2024 | B5: =Sources!D6 | C5: 0.4 | D5: =ROUND(B5*C5,0) | E5: =Sources!D8
A6: IS — clos 31/03/2025 | B6: =Sources!E6 | C6: 0.4 | D6: =ROUND(B6*C6,0) | E6: =Sources!E8
A7: TVA — clos 31/03/2023 | B7: =Sources!C7 | C7: 0.4 | D7: =ROUND(B7*C7,0) | E7: =Sources!C9
A8: TVA — clos 31/03/2024 | B8: =Sources!D7 | C8: 0.4 | D8: =ROUND(B8*C8,0) | E8: =Sources!D9
A9: TVA — clos 31/03/2025 | B9: =Sources!E7 | C9: 0.4 | D9: =ROUND(B9*C9,0) | E9: =Sources!E9
A10: Total IS (40 %) | D10: =SUM(D4:D6) | E10: =SUM(E4:E6)
A11: Total TVA (40 %) | D11: =SUM(D7:D9) | E11: =SUM(E7:E9)
A12: ENJEU TOTAL de la majoration de 40 % (niveau société) | D12: =D10+D11 | E12: =E10+E11
A14: Pour mémoire — minorations TTC invoquées (assiette distincte, NON l'assiette du 40 %)
A15: Exercice | B15: Minoration TTC (Sources p.58)
A16: Clos 31/03/2023 | B16: =Sources!C10
A17: Clos 31/03/2024 | B17: =Sources!D10
A18: Clos 31/03/2025 | B18: =Sources!E10
A19: Total minorations 3 exercices | B19: =SUM(B16:B18)

Sheet Méthode
A1: Méthode — d'où vient chaque chiffre
A3: Objet : chiffrer, euro par euro, l'enjeu de la majoration de 40 % pour manquement délibéré (art. 1729 CGI) notifiée à la SARL LA DEMI-LUNE, et vérifier que les montants notifiés par le service sont bien 40 % des droits pénalisables.
A5: Onglet « Sources » : les bases pénalisables et les majorations notifiées sont recopiées à l'identique des tableaux récapitulatifs de la proposition 3924 (IS : pages 59-62 ; TVA : pages 63-65 ; discordances TTC : page 58).
A7: Onglet « Calcul », colonne « 40 % recalculé » : formule =ROUND(base*0,40;0) appliquée à chaque base pénalisable. Le résultat recalculé est identique, à l'euro près, au montant notifié par le service (colonne de droite) — la dérivation est donc contrôlée et non une « boîte noire ».
A9: IS : 42 908 → 17 163 ; 27 120 → 10 848 ; 27 482 → 10 993. Total IS = 39 004 €.
A10: TVA : 20 041 → 8 016 ; 14 854 → 5 942 ; 14 652 → 5 861. Total TVA = 19 819 €.
A11: ENJEU TOTAL de la majoration de 40 % au niveau société = 39 004 + 19 819 = 58 823 €.
A13: Attention à ne pas confondre deux assiettes distinctes :
A14: - l'assiette du 40 % est le montant des DROITS rappelés (58 823 € de majoration) ;
A15: - les minorations TTC de la page 58 (193 234,55 € + 138 863,57 € + 139 727,76 € = 471 825,88 €) sont l'assiette des reconstitutions de CA et de la pénalité distincte de l'article 1759 (100 % des distributions), PAS l'assiette du 40 %.
A17: Limite de périmètre : ces montants sont ceux de la proposition SOCIÉTÉ du 18/05/2026 (seule pièce OCR disponible). Les propositions personnelles du 19/10/2026 reprennent la majoration de 40 % sur les distributions réputées ; leurs montants exacts par foyer ne figurent pas dans les pièces transcrites et ne sont donc pas chiffrés ici.
