Workbook

Sheet Sources
A1: SOURCES : lignes lues sur les propositions personnelles du 19/10/2026 (PDF scannés, OCR relu page par page). Aucune cellule calculée ici.
A3: Foyer | B3: Année | C3: Base annoncée p. 62-63 (texte) | D3: Revenu net imposable AVANT (avis) | E3: Revenu net imposable APRÈS (avis) | F3: Impôt sur les revenus soumis au barème (14), avis APRÈS contrôle | G3: Nombre de parts | H3: Base des prélèvements sociaux (ligne « RCM (44) » ou montant CSG ÷ taux) | I3: Pages lues | J3: RCM imposables (7), avis APRÈS
A4: PASTEUR | B4: 2023 | C4: 96617 | D4: 21237 | E4: 142008 | F4: 40693 | G4: 1.5 | H4: 96617 | I4: PASTEUR p. 63, 67, 69-70 (CSG-CRDS 9 372 = 96 617 × 9,7 %) | J4: 125304
A5: PASTEUR | B5: 2024 | C5: 69432 | D5: 25125 | E5: 111915 | F5: 28039 | G5: 1.5 | H5: 69432 | I5: PASTEUR p. 63, 71-74 (PS 11 942 = 69 432 × 17,2 %) | J5: 91331
A6: PASTEUR | B6: 2025 | C6: 69864 | D6: 23540 | E6: 110870 | F6: 27450 | G6: 1.5 | H6: 69865 | I6: PASTEUR p. 63, 75-78 (ligne 44 : 69 865) | J6: 91878
A7: BEHEM | B7: 2023 | C7: 96617 | D7: 18788 | E7: 126797 | F7: 36215 | G7: 1 | H7: 86407 | I7: BEHEM p. 63, 67-70 (ligne 44 : 86 407) | J7: 112509
A8: BEHEM | B8: 2024 | C8: 69432 | E8: 101891 | F8: 25720 | G8: 1 | H8: 66088 | I8: BEHEM p. 63, 71-72 (ligne 44 : 66 088 ; revenu avant contrôle non lisible) | J8: 82006
A9: BEHEM | B9: 2025 | C9: 69864 | D9: 23134 | E9: 101307 | F9: 25336 | G9: 1 | H9: 62538 | I9: BEHEM p. 63, 79-84 (ligne 44 : 62 538) | J9: 77506
A11: Taux des prélèvements sociaux appliqués par le service (avis) : CSG-CRDS 9,7 % (2023, 2024) et 11,1 % (2025, LFSS 2026 art. 12) ; prélèvement de solidarité 7,5 % (art. 235 ter CGI).
A12: Majorations de 40 % notifiées (art. 1729) sur l'IR : PASTEUR 16 277 / 11 068 / 10 947 ; BEHEM 14 356 / 9 820 / 9 756 (avis p. 67, 71, 75 ; p. 69, 71, 83).
A13: Montants notifiés (CANON) : PASTEUR 83 391 / 56 724 / 56 830 = 196 945 ; BEHEM 73 859 / 48 124 / 50 720 = 172 703.
A15: Taux PS | B15: CSG-CRDS | C15: Solidarité
A16: 2023 | B16: 0.097 | C16: 0.075
A17: 2024 | B17: 0.097 | C17: 0.075
A18: 2025 | B18: 0.111 | C18: 0.075
A20: Majoration 40 % IR | B20: PASTEUR | C20: BEHEM
A21: 2023 | B21: 16277 | C21: 14356
A22: 2024 | B22: 11068 | C22: 9820
A23: 2025 | B23: 10947 | C23: 9756

Sheet Bareme
A1: BARÈME DE L'IR (art. 197 CGI) : seuils par part et plafond du quotient familial par demi-part (BOI-IR-LIQ-20-10 ; LF 2024, LF 2025, LF 2026 art. 4, +0,9 %)
A3: Revenus | B3: Seuil 0 % | C3: Seuil 11 % | D3: Seuil 30 % | E3: Seuil 41 % | F3: Plafond QF / demi-part | G3: Source
A4: 2023 | B4: 11294 | C4: 28797 | D4: 82341 | E4: 177106 | F4: 1759 | G4: LF 2024 (revenus 2023)
A5: 2024 | B5: 11497 | C5: 29315 | D5: 83823 | E5: 180294 | F5: 1791 | G5: LF 2025 (revenus 2024)
A6: 2025 | B6: 11600 | C6: 29579 | D6: 84577 | E6: 181917 | F6: 1807 | G6: LF 2026 art. 4 (revenus 2025), revalorisation 0,9 %
A8: Taux : 0 % / 11 % / 30 % / 41 % / 45 %. IR(R, parts) = parts × barème(R ÷ parts) ; plafonnement : IR = MAX(parts × barème(R ÷ parts) ; barème(R) − plafond × (parts − 1) × 2).

Sheet Liquidation
A1: LIQUIDATION : le coefficient 1,25 tel que le service l'a appliqué, et le barème reproduit à l'euro (chaque cellule est une formule)
A3: Foyer | B3: Année | C3: Base annoncée (texte) | D3: Variation du revenu imposable (APRÈS − AVANT) | E3: Base réellement liquidée = variation ÷ 1,25 | F3: Écart base liquidée − base annoncée | G3: IR après contrôle, reproduit (barème + plafond QF) | H3: Impôt soumis au barème notifié (14) | I3: Écart reproduit − notifié | J3: IR si le revenu n'était PAS majoré (revenu après − 25 % de la base liquidée) | K3: Coût du coefficient 1,25 en IR (droits) | L3: Majoration 40 % sur ce coût
A4: =Sources!A4 | B4: =Sources!B4 | C4: =Sources!C4 | D4: =Sources!E4-Sources!D4 | E4: =ROUND(D4/1.25,0) | F4: =E4-C4 | G4: =ROUND(MAX(Sources!G4*(MAX(0,MIN((Sources!E4/Sources!G4),Bareme!$C$4)-Bareme!$B$4)*0.11+MAX(0,MIN((Sources!E4/Sources!G4),Bareme!$D$4)-Bareme!$C$4)*0.30+MAX(0,MIN((Sources!E4/Sources!G4),Bareme!$E$4)-Bareme!$D$4)*0.41+MAX(0,(Sources!E4/Sources!G4)-Bareme!$E$4)*0.45),(MAX(0,MIN(Sources!E4,Bareme!$C$4)-Bareme!$B$4)*0.11+MAX(0,MIN(Sources!E4,Bareme!$D$4)-Bareme!$C$4)*0.30+MAX(0,MIN(Sources!E4,Bareme!$E$4)-Bareme!$D$4)*0.41+MAX(0,Sources!E4-Bareme!$E$4)*0.45)-Bareme!$F$4*(Sources!G4-1)*2),0) | H4: =Sources!F4 | I4: =G4-H4 | J4: =ROUND(MAX(Sources!G4*(MAX(0,MIN(((Sources!E4-0.25*E4)/Sources!G4),Bareme!$C$4)-Bareme!$B$4)*0.11+MAX(0,MIN(((Sources!E4-0.25*E4)/Sources!G4),Bareme!$D$4)-Bareme!$C$4)*0.30+MAX(0,MIN(((Sources!E4-0.25*E4)/Sources!G4),Bareme!$E$4)-Bareme!$D$4)*0.41+MAX(0,((Sources!E4-0.25*E4)/Sources!G4)-Bareme!$E$4)*0.45),(MAX(0,MIN((Sources!E4-0.25*E4),Bareme!$C$4)-Bareme!$B$4)*0.11+MAX(0,MIN((Sources!E4-0.25*E4),Bareme!$D$4)-Bareme!$C$4)*0.30+MAX(0,MIN((Sources!E4-0.25*E4),Bareme!$E$4)-Bareme!$D$4)*0.41+MAX(0,(Sources!E4-0.25*E4)-Bareme!$E$4)*0.45)-Bareme!$F$4*(Sources!G4-1)*2),0) | K4: =G4-J4 | L4: =ROUND(K4*0.4,0)
A5: =Sources!A5 | B5: =Sources!B5 | C5: =Sources!C5 | D5: =Sources!E5-Sources!D5 | E5: =ROUND(D5/1.25,0) | F5: =E5-C5 | G5: =ROUND(MAX(Sources!G5*(MAX(0,MIN((Sources!E5/Sources!G5),Bareme!$C$5)-Bareme!$B$5)*0.11+MAX(0,MIN((Sources!E5/Sources!G5),Bareme!$D$5)-Bareme!$C$5)*0.30+MAX(0,MIN((Sources!E5/Sources!G5),Bareme!$E$5)-Bareme!$D$5)*0.41+MAX(0,(Sources!E5/Sources!G5)-Bareme!$E$5)*0.45),(MAX(0,MIN(Sources!E5,Bareme!$C$5)-Bareme!$B$5)*0.11+MAX(0,MIN(Sources!E5,Bareme!$D$5)-Bareme!$C$5)*0.30+MAX(0,MIN(Sources!E5,Bareme!$E$5)-Bareme!$D$5)*0.41+MAX(0,Sources!E5-Bareme!$E$5)*0.45)-Bareme!$F$5*(Sources!G5-1)*2),0) | H5: =Sources!F5 | I5: =G5-H5 | J5: =ROUND(MAX(Sources!G5*(MAX(0,MIN(((Sources!E5-0.25*E5)/Sources!G5),Bareme!$C$5)-Bareme!$B$5)*0.11+MAX(0,MIN(((Sources!E5-0.25*E5)/Sources!G5),Bareme!$D$5)-Bareme!$C$5)*0.30+MAX(0,MIN(((Sources!E5-0.25*E5)/Sources!G5),Bareme!$E$5)-Bareme!$D$5)*0.41+MAX(0,((Sources!E5-0.25*E5)/Sources!G5)-Bareme!$E$5)*0.45),(MAX(0,MIN((Sources!E5-0.25*E5),Bareme!$C$5)-Bareme!$B$5)*0.11+MAX(0,MIN((Sources!E5-0.25*E5),Bareme!$D$5)-Bareme!$C$5)*0.30+MAX(0,MIN((Sources!E5-0.25*E5),Bareme!$E$5)-Bareme!$D$5)*0.41+MAX(0,(Sources!E5-0.25*E5)-Bareme!$E$5)*0.45)-Bareme!$F$5*(Sources!G5-1)*2),0) | K5: =G5-J5 | L5: =ROUND(K5*0.4,0)
A6: =Sources!A6 | B6: =Sources!B6 | C6: =Sources!C6 | D6: =Sources!E6-Sources!D6 | E6: =ROUND(D6/1.25,0) | F6: =E6-C6 | G6: =ROUND(MAX(Sources!G6*(MAX(0,MIN((Sources!E6/Sources!G6),Bareme!$C$6)-Bareme!$B$6)*0.11+MAX(0,MIN((Sources!E6/Sources!G6),Bareme!$D$6)-Bareme!$C$6)*0.30+MAX(0,MIN((Sources!E6/Sources!G6),Bareme!$E$6)-Bareme!$D$6)*0.41+MAX(0,(Sources!E6/Sources!G6)-Bareme!$E$6)*0.45),(MAX(0,MIN(Sources!E6,Bareme!$C$6)-Bareme!$B$6)*0.11+MAX(0,MIN(Sources!E6,Bareme!$D$6)-Bareme!$C$6)*0.30+MAX(0,MIN(Sources!E6,Bareme!$E$6)-Bareme!$D$6)*0.41+MAX(0,Sources!E6-Bareme!$E$6)*0.45)-Bareme!$F$6*(Sources!G6-1)*2),0) | H6: =Sources!F6 | I6: =G6-H6 | J6: =ROUND(MAX(Sources!G6*(MAX(0,MIN(((Sources!E6-0.25*E6)/Sources!G6),Bareme!$C$6)-Bareme!$B$6)*0.11+MAX(0,MIN(((Sources!E6-0.25*E6)/Sources!G6),Bareme!$D$6)-Bareme!$C$6)*0.30+MAX(0,MIN(((Sources!E6-0.25*E6)/Sources!G6),Bareme!$E$6)-Bareme!$D$6)*0.41+MAX(0,((Sources!E6-0.25*E6)/Sources!G6)-Bareme!$E$6)*0.45),(MAX(0,MIN((Sources!E6-0.25*E6),Bareme!$C$6)-Bareme!$B$6)*0.11+MAX(0,MIN((Sources!E6-0.25*E6),Bareme!$D$6)-Bareme!$C$6)*0.30+MAX(0,MIN((Sources!E6-0.25*E6),Bareme!$E$6)-Bareme!$D$6)*0.41+MAX(0,(Sources!E6-0.25*E6)-Bareme!$E$6)*0.45)-Bareme!$F$6*(Sources!G6-1)*2),0) | K6: =G6-J6 | L6: =ROUND(K6*0.4,0)
A7: =Sources!A7 | B7: =Sources!B7 | C7: =Sources!C7 | D7: =Sources!E7-Sources!D7 | E7: =ROUND(D7/1.25,0) | F7: =E7-C7 | G7: =ROUND(MAX(Sources!G7*(MAX(0,MIN((Sources!E7/Sources!G7),Bareme!$C$4)-Bareme!$B$4)*0.11+MAX(0,MIN((Sources!E7/Sources!G7),Bareme!$D$4)-Bareme!$C$4)*0.30+MAX(0,MIN((Sources!E7/Sources!G7),Bareme!$E$4)-Bareme!$D$4)*0.41+MAX(0,(Sources!E7/Sources!G7)-Bareme!$E$4)*0.45),(MAX(0,MIN(Sources!E7,Bareme!$C$4)-Bareme!$B$4)*0.11+MAX(0,MIN(Sources!E7,Bareme!$D$4)-Bareme!$C$4)*0.30+MAX(0,MIN(Sources!E7,Bareme!$E$4)-Bareme!$D$4)*0.41+MAX(0,Sources!E7-Bareme!$E$4)*0.45)-Bareme!$F$4*(Sources!G7-1)*2),0) | H7: =Sources!F7 | I7: =G7-H7 | J7: =ROUND(MAX(Sources!G7*(MAX(0,MIN(((Sources!E7-0.25*E7)/Sources!G7),Bareme!$C$4)-Bareme!$B$4)*0.11+MAX(0,MIN(((Sources!E7-0.25*E7)/Sources!G7),Bareme!$D$4)-Bareme!$C$4)*0.30+MAX(0,MIN(((Sources!E7-0.25*E7)/Sources!G7),Bareme!$E$4)-Bareme!$D$4)*0.41+MAX(0,((Sources!E7-0.25*E7)/Sources!G7)-Bareme!$E$4)*0.45),(MAX(0,MIN((Sources!E7-0.25*E7),Bareme!$C$4)-Bareme!$B$4)*0.11+MAX(0,MIN((Sources!E7-0.25*E7),Bareme!$D$4)-Bareme!$C$4)*0.30+MAX(0,MIN((Sources!E7-0.25*E7),Bareme!$E$4)-Bareme!$D$4)*0.41+MAX(0,(Sources!E7-0.25*E7)-Bareme!$E$4)*0.45)-Bareme!$F$4*(Sources!G7-1)*2),0) | K7: =G7-J7 | L7: =ROUND(K7*0.4,0)
A8: =Sources!A8 | B8: =Sources!B8 | C8: =Sources!C8 | D8: n.l. | E8: =ROUND((Sources!J8-4500)/1.25,0) | F8: =E8-C8 | G8: =ROUND(MAX(Sources!G8*(MAX(0,MIN((Sources!E8/Sources!G8),Bareme!$C$5)-Bareme!$B$5)*0.11+MAX(0,MIN((Sources!E8/Sources!G8),Bareme!$D$5)-Bareme!$C$5)*0.30+MAX(0,MIN((Sources!E8/Sources!G8),Bareme!$E$5)-Bareme!$D$5)*0.41+MAX(0,(Sources!E8/Sources!G8)-Bareme!$E$5)*0.45),(MAX(0,MIN(Sources!E8,Bareme!$C$5)-Bareme!$B$5)*0.11+MAX(0,MIN(Sources!E8,Bareme!$D$5)-Bareme!$C$5)*0.30+MAX(0,MIN(Sources!E8,Bareme!$E$5)-Bareme!$D$5)*0.41+MAX(0,Sources!E8-Bareme!$E$5)*0.45)-Bareme!$F$5*(Sources!G8-1)*2),0) | H8: =Sources!F8 | I8: =G8-H8 | J8: =ROUND(MAX(Sources!G8*(MAX(0,MIN(((Sources!E8-0.25*E8)/Sources!G8),Bareme!$C$5)-Bareme!$B$5)*0.11+MAX(0,MIN(((Sources!E8-0.25*E8)/Sources!G8),Bareme!$D$5)-Bareme!$C$5)*0.30+MAX(0,MIN(((Sources!E8-0.25*E8)/Sources!G8),Bareme!$E$5)-Bareme!$D$5)*0.41+MAX(0,((Sources!E8-0.25*E8)/Sources!G8)-Bareme!$E$5)*0.45),(MAX(0,MIN((Sources!E8-0.25*E8),Bareme!$C$5)-Bareme!$B$5)*0.11+MAX(0,MIN((Sources!E8-0.25*E8),Bareme!$D$5)-Bareme!$C$5)*0.30+MAX(0,MIN((Sources!E8-0.25*E8),Bareme!$E$5)-Bareme!$D$5)*0.41+MAX(0,(Sources!E8-0.25*E8)-Bareme!$E$5)*0.45)-Bareme!$F$5*(Sources!G8-1)*2),0) | K8: =G8-J8 | L8: =ROUND(K8*0.4,0)
A9: =Sources!A9 | B9: =Sources!B9 | C9: =Sources!C9 | D9: =Sources!E9-Sources!D9 | E9: =ROUND(D9/1.25,0) | F9: =E9-C9 | G9: =ROUND(MAX(Sources!G9*(MAX(0,MIN((Sources!E9/Sources!G9),Bareme!$C$6)-Bareme!$B$6)*0.11+MAX(0,MIN((Sources!E9/Sources!G9),Bareme!$D$6)-Bareme!$C$6)*0.30+MAX(0,MIN((Sources!E9/Sources!G9),Bareme!$E$6)-Bareme!$D$6)*0.41+MAX(0,(Sources!E9/Sources!G9)-Bareme!$E$6)*0.45),(MAX(0,MIN(Sources!E9,Bareme!$C$6)-Bareme!$B$6)*0.11+MAX(0,MIN(Sources!E9,Bareme!$D$6)-Bareme!$C$6)*0.30+MAX(0,MIN(Sources!E9,Bareme!$E$6)-Bareme!$D$6)*0.41+MAX(0,Sources!E9-Bareme!$E$6)*0.45)-Bareme!$F$6*(Sources!G9-1)*2),0) | H9: =Sources!F9 | I9: =G9-H9 | J9: =ROUND(MAX(Sources!G9*(MAX(0,MIN(((Sources!E9-0.25*E9)/Sources!G9),Bareme!$C$6)-Bareme!$B$6)*0.11+MAX(0,MIN(((Sources!E9-0.25*E9)/Sources!G9),Bareme!$D$6)-Bareme!$C$6)*0.30+MAX(0,MIN(((Sources!E9-0.25*E9)/Sources!G9),Bareme!$E$6)-Bareme!$D$6)*0.41+MAX(0,((Sources!E9-0.25*E9)/Sources!G9)-Bareme!$E$6)*0.45),(MAX(0,MIN((Sources!E9-0.25*E9),Bareme!$C$6)-Bareme!$B$6)*0.11+MAX(0,MIN((Sources!E9-0.25*E9),Bareme!$D$6)-Bareme!$C$6)*0.30+MAX(0,MIN((Sources!E9-0.25*E9),Bareme!$E$6)-Bareme!$D$6)*0.41+MAX(0,(Sources!E9-0.25*E9)-Bareme!$E$6)*0.45)-Bareme!$F$6*(Sources!G9-1)*2),0) | K9: =G9-J9 | L9: =ROUND(K9*0.4,0)
A10: Total PASTEUR | F10: =SUM(F4:F6) | K10: =SUM(K4:K6) | L10: =SUM(L4:L6)
A11: Total BEHEM | F11: =SUM(F7:F9) | K11: =SUM(K7:K9) | L11: =SUM(L7:L9)
A12: Total 2 foyers | K12: =K10+K11 | L12: =L10+L11
A14: Lecture. Colonne E : la variation du revenu imposable est exactement base × 1,25 pour PASTEUR (96 617 / 69 432 / 69 864) ; pour BEHEM elle vaut 86 407 / 62 005 / 62 538 × 1,25, c'est-à-dire la seule part HT : les 10 210 / 7 427 / 7 326 € de part TVA annoncés p. 62 ne sont pas liquidés (colonne F). BEHEM 2025 : RCM imposables 82 673 − 4 500 = 78 173 = 62 538 × 1,25 (même contrôle). BEHEM 2024 : revenu avant contrôle illisible ; base lue par « RCM imposables » 82 006 − 4 500 (= 7 500 € de RCM déclarés × 0,6 après abattement de 40 %, comme en 2023 : 112 509 − 108 009 = 4 500) = 77 506 = 62 005 × 1,25.
A15: Colonne G : barème reproduit (onglet Bareme) ; PASTEUR 1,5 part avec plafonnement du quotient familial (1 enfant majeur rattaché). Écart 0 € sur les 6 foyers-années. Colonnes J-L : coût du seul coefficient (barème appliqué au même revenu non majoré), à titre d'enjeu ; ce coût ne tombe pas seul, il suit la base.

Sheet Assiette sociale
A1: ASSIETTE DES PRÉLÈVEMENTS SOCIAUX : contrôle de la réserve QPC 2017-643/650 (cons. 17) et 2016-610 (cons. 12) : le 1,25 doit être exclu
A3: Foyer | B3: Année | C3: Base PS lue (ligne 44 / CSG ÷ taux) | D3: Base IR liquidée (onglet Liquidation) | E3: Base PS ÷ base IR liquidée | F3: CSG-CRDS recalculée = base × taux | G3: CSG-CRDS notifiée (avis) | H3: Solidarité recalculée = base × 7,5 % | I3: Solidarité notifiée (avis) | J3: Réserve QPC respectée ?
A4: =Sources!A4 | B4: =Sources!B4 | C4: =Sources!H4 | D4: =Liquidation!E4 | E4: =ROUND(C4/D4,4) | F4: =ROUND(C4*Sources!$B$16,0) | G4: 9372 | H4: =ROUND(C4*Sources!$C$16,0) | I4: 7246 | J4: =IF(E4<1.2,"oui : aucun 1,25 (le coefficient donnerait 1,25)","NON : à contester")
A5: =Sources!A5 | B5: =Sources!B5 | C5: =Sources!H5 | D5: =Liquidation!E5 | E5: =ROUND(C5/D5,4) | F5: =ROUND(C5*Sources!$B$17,0) | G5: n.l. (total PS 11 942 = 69 432 × 17,2 %) | H5: =ROUND(C5*Sources!$C$17,0) | I5: n.l. | J5: =IF(E5<1.2,"oui : aucun 1,25 (le coefficient donnerait 1,25)","NON : à contester")
A6: =Sources!A6 | B6: =Sources!B6 | C6: =Sources!H6 | D6: =Liquidation!E6 | E6: =ROUND(C6/D6,4) | F6: =ROUND(C6*Sources!$B$18,0) | G6: 7755 | H6: =ROUND(C6*Sources!$C$18,0) | I6: 5240 | J6: =IF(E6<1.2,"oui : aucun 1,25 (le coefficient donnerait 1,25)","NON : à contester")
A7: =Sources!A7 | B7: =Sources!B7 | C7: =Sources!H7 | D7: =Liquidation!E7 | E7: =ROUND(C7/D7,4) | F7: =ROUND(C7*Sources!$B$16,0) | G7: 8381 | H7: =ROUND(C7*Sources!$C$16,0) | I7: 6481 | J7: =IF(E7<1.2,"oui : aucun 1,25 (le coefficient donnerait 1,25)","NON : à contester")
A8: =Sources!A8 | B8: =Sources!B8 | C8: =Sources!H8 | D8: =Liquidation!E8 | E8: =ROUND(C8/D8,4) | F8: =ROUND(C8*Sources!$B$17,0) | G8: 6411 | H8: =ROUND(C8*Sources!$C$17,0) | I8: 4957 | J8: =IF(E8<1.2,"oui : aucun 1,25 (le coefficient donnerait 1,25)","NON : à contester")
A9: =Sources!A9 | B9: =Sources!B9 | C9: =Sources!H9 | D9: =Liquidation!E9 | E9: =ROUND(C9/D9,4) | F9: =ROUND(C9*Sources!$B$18,0) | G9: 6942 | H9: =ROUND(C9*Sources!$C$18,0) | I9: 4690 | J9: =IF(E9<1.2,"oui : aucun 1,25 (le coefficient donnerait 1,25)","NON : à contester")
A11: Lecture. La base PS est égale à la base liquidée à l'IR AVANT majoration (rapport 1,00) sur les 6 foyers-années, sauf BEHEM 2024 où elle vaut 66 088 = 62 005 + 4 083 (4 083 € = RCM déclarés en 2024 non encore soumis aux PS, cf. avis p. 71-72 « RCM déjà soumis aux PS sans CSG déductible 3 417 » et 7 500 − 3 417 = 4 083 : part déclarée, non issue du contrôle). Le coefficient 1,25 n'est appliqué à aucune assiette sociale : réserve du Conseil constitutionnel respectée, aucun dégrèvement à ce titre.
A12: Montants notifiés lus : PASTEUR 2023 CSG-CRDS 9 372 (p. 67) ; 2025 total PS 12 995 (p. 76) = 7 755 + 5 240 ; BEHEM 2023 8 381 / 6 481 (p. 69) ; 2024 6 411 / 4 957 (p. 71) ; 2025 6 942 / 4 690 (p. 83).

Sheet Taux effectifs
A1: TAUX EFFECTIFS (CANON) : supplément notifié ÷ base distribuée par foyer (235 913 €) ; taux marginal sur un euro distribué
A3: Foyer | B3: Supplément notifié 3 ans | C3: Base distribuée 3 ans | D3: Taux effectif | E3: Majoration 40 % IR (3 ans) | F3: Taux hors majoration 40 % IR
A4: PASTEUR | B4: =83391+56724+56830 | C4: =ROUND(193234.55/2,0)+ROUND(138863.57/2,0)+ROUND(139727.76/2,0) | D4: =B4/C4 | E4: =Sources!B21+Sources!B22+Sources!B23 | F4: =(B4-E4)/C4
A5: BEHEM | B5: =73859+48124+50720 | C5: =C4 | D5: =B5/C5 | E5: =Sources!C21+Sources!C22+Sources!C23 | F5: =(B5-E5)/C5
A7: Taux marginal sur 1 € distribué (TMI 41 %, avis BEHEM 2023 p. 68) | B7: IR : 41 % × 1,25 | C7: =0.41*1.25
A8: + prélèvements sociaux 2023-2024 (17,2 %) | C8: =C7+0.172
A9: + prélèvements sociaux 2025 (18,6 %) | C9: =C7+0.186
A10: Repère : taux marginaux jugés conformes par le Conseil constitutionnel (QPC 2019-793, cons. 10-11) | C10: 68,9 % et 73,6 %

Sheet Méthode
A1: MÉTHODE
A3: 1. Sources : propositions personnelles du 19/10/2026 (PASTEUR 222 p., BEHEM 254 p.), pages 59-84 : texte (p. 59-65) et avis correctifs (« conséquences financières » et « détail imposition »).
A4: 2. Base réellement liquidée = (revenu net imposable après − avant) ÷ 1,25. Elle est comparée à la base annoncée dans le texte (p. 62-63).
A5: 3. IR reproduit : barème de l'année (onglet Bareme), quotient familial et plafonnement (PASTEUR, 1,5 part). Reproduction à l'euro sur 5 années sur 6, 2024 BEHEM à l'euro aussi (25 720).
A6: 4. Assiette sociale : ligne « Revenus de capitaux mobiliers (44) » de chaque avis, contrôlée par CSG-CRDS notifiée ÷ taux. Rapport à la base IR non majorée = 1,00 : le 1,25 n'y est pas.
A7: 5. Coût du 1,25 (onglet Liquidation, col. K-L) : IR au même barème sur le revenu non majoré ; différence = part de l'IR due au seul coefficient ; majoration 40 % assise dessus. Enjeu, pas demande autonome.
A8: 6. Taux effectifs : valeurs CANON (supplément notifié ÷ 235 913 €) ; taux marginal 41 % × 1,25 + PS.
A9: Droit : art. 158-7-2° CGI (LF 2021 art. 39) ; art. 200 A ; art. L. 136-6 CSS ; CC 2016-610 QPC (10/02/2017), 2017-643/650 QPC (07/07/2017), 2019-793 QPC (28/06/2019) ; CE 05/04/2024 n° 490411 ; BOI-RPPM-RCM-20-10-20-10 § 120-160 ; LFSS 2026 art. 12.
