Workbook

Sheet Sources
A1: Exercice | B1: Date | C1: Heure | D1: Table (notes jumelles) | E1: Article | F1: Prix unitaire (€) | G1: Quantités note par note | H1: Somme des fractions
A2: 2022-2023 | B2: 2022-04-14 | C2: 12:29 | D2: n° 11 + n° 12 + n° 13 + n° 14 + n° 15 + n° 16 | E2: FRELEE | F2: 18.6 | G2: n° 13 : 0,50 + n° 14 : 0,50 | H2: 1
A3: 2022-2023 | B3: 2022-04-14 | C3: 12:29 | D3: n° 11 + n° 12 + n° 13 + n° 14 + n° 15 + n° 16 | E3: Croûtes Morilles | F3: 16.9 | G3: n° 11 : 0,50 + n° 12 : 0,50 | H3: 1
A4: 2022-2023 | B4: 2022-04-14 | C4: 12:29 | D4: n° 11 + n° 12 + n° 13 + n° 14 + n° 15 + n° 16 | E4: CABRICHOU | F4: 15.9 | G4: n° 13 : 0,50 + n° 14 : 0,50 | H4: 1
A5: 2022-2023 | B5: 2022-04-14 | C5: 12:29 | D5: n° 11 + n° 12 + n° 13 + n° 14 + n° 15 + n° 16 | E5: Cidre Bouché Brut | F5: 14 | G5: n° 13 : 0,50 + n° 14 : 0,50 | H5: 1
A6: 2022-2023 | B6: 2022-04-14 | C6: 12:29 | D6: n° 11 + n° 12 + n° 13 + n° 14 + n° 15 + n° 16 | E6: BARBEULENET | F6: 13.9 | G6: n° 11 : 0,50 + n° 12 : 0,50 | H6: 1
A7: 2022-2023 | B7: 2022-04-14 | C7: 12:29 | D7: n° 11 + n° 12 + n° 13 + n° 14 + n° 15 + n° 16 | E7: Complète | F7: 11.6 | G7: n° 15 : 0,50 + n° 16 : 0,50 | H7: 1
A8: 2022-2023 | B8: 2022-04-14 | C8: 12:29 | D8: n° 11 + n° 12 + n° 13 + n° 14 + n° 15 + n° 16 | E8: Savagnin verre | F8: 7.2 | G8: n° 15 : 0,50 + n° 16 : 0,50 | H8: 1
A9: 2022-2023 | B9: 2022-04-14 | C9: 12:29 | D9: n° 11 + n° 12 + n° 13 + n° 14 + n° 15 + n° 16 | E9: Salade Verte aux Noi | F9: 5.9 | G9: n° 11 : 0,50 + n° 12 : 0,50 + n° 15 : 0,50 + n° 16 : 0,50 | H9: 2
A10: 2022-2023 | B10: 2022-04-14 | C10: 12:29 | D10: n° 11 + n° 12 + n° 13 + n° 14 + n° 15 + n° 16 | E10: Père Gregoire | F10: 4.9 | G10: n° 11 : 0,50 + n° 12 : 0,50 | H10: 1
A11: 2022-2023 | B11: 2022-04-14 | C11: 12:29 | D11: n° 11 + n° 12 + n° 13 + n° 14 + n° 15 + n° 16 | E11: pression | F11: 3.9 | G11: n° 11 : 0,50 + n° 12 : 0,50 | H11: 1
A12: 2022-2023 | B12: 2022-04-14 | C12: 12:29 | D12: n° 11 + n° 12 + n° 13 + n° 14 + n° 15 + n° 16 | E12: Ratatouille | F12: 3.2 | G12: n° 15 : 0,50 + n° 16 : 0,50 | H12: 1
A13: 2022-2023 | B13: 2022-04-14 | C13: 12:29 | D13: n° 11 + n° 12 + n° 13 + n° 14 + n° 15 + n° 16 | E13: Galette nature | F13: 2.9 | G13: n° 15 : 0,50 + n° 16 : 0,50 | H13: 1
... A5121: 2024-2025 | B5121: 2025-03-29 | C5121: 20:33 | D5121: n° 31 + n° 32 + n° 33 + n° 34 | E5121: Chantilly | F5121: 2 | G5121: n° 31 : 0,50 + n° 32 : 0,50 | H5121: 1

Sheet Calcul
A1: Exercice | B1: Date | C1: Table | D1: Article | E1: PU (€) | F1: Somme fractions | G1: Somme = entier ? (1/0) | H1: Entier cible | I1: Complément manquant (€) | J1: Montant reconstitué (€)
A2: =Sources!A2 | B2: =Sources!B2 | C2: =Sources!D2 | D2: =Sources!E2 | E2: =Sources!F2 | F2: =Sources!H2 | G2: =IF(ABS(F2-ROUND(F2,0))<0.001,1,0) | H2: =IF(G2=1,F2,CEILING(F2,1)) | I2: =IF(G2=1,0,(H2-F2)*E2) | J2: =E2*F2
A3: =Sources!A3 | B3: =Sources!B3 | C3: =Sources!D3 | D3: =Sources!E3 | E3: =Sources!F3 | F3: =Sources!H3 | G3: =IF(ABS(F3-ROUND(F3,0))<0.001,1,0) | H3: =IF(G3=1,F3,CEILING(F3,1)) | I3: =IF(G3=1,0,(H3-F3)*E3) | J3: =E3*F3
A4: =Sources!A4 | B4: =Sources!B4 | C4: =Sources!D4 | D4: =Sources!E4 | E4: =Sources!F4 | F4: =Sources!H4 | G4: =IF(ABS(F4-ROUND(F4,0))<0.001,1,0) | H4: =IF(G4=1,F4,CEILING(F4,1)) | I4: =IF(G4=1,0,(H4-F4)*E4) | J4: =E4*F4
A5: =Sources!A5 | B5: =Sources!B5 | C5: =Sources!D5 | D5: =Sources!E5 | E5: =Sources!F5 | F5: =Sources!H5 | G5: =IF(ABS(F5-ROUND(F5,0))<0.001,1,0) | H5: =IF(G5=1,F5,CEILING(F5,1)) | I5: =IF(G5=1,0,(H5-F5)*E5) | J5: =E5*F5
A6: =Sources!A6 | B6: =Sources!B6 | C6: =Sources!D6 | D6: =Sources!E6 | E6: =Sources!F6 | F6: =Sources!H6 | G6: =IF(ABS(F6-ROUND(F6,0))<0.001,1,0) | H6: =IF(G6=1,F6,CEILING(F6,1)) | I6: =IF(G6=1,0,(H6-F6)*E6) | J6: =E6*F6
A7: =Sources!A7 | B7: =Sources!B7 | C7: =Sources!D7 | D7: =Sources!E7 | E7: =Sources!F7 | F7: =Sources!H7 | G7: =IF(ABS(F7-ROUND(F7,0))<0.001,1,0) | H7: =IF(G7=1,F7,CEILING(F7,1)) | I7: =IF(G7=1,0,(H7-F7)*E7) | J7: =E7*F7
A8: =Sources!A8 | B8: =Sources!B8 | C8: =Sources!D8 | D8: =Sources!E8 | E8: =Sources!F8 | F8: =Sources!H8 | G8: =IF(ABS(F8-ROUND(F8,0))<0.001,1,0) | H8: =IF(G8=1,F8,CEILING(F8,1)) | I8: =IF(G8=1,0,(H8-F8)*E8) | J8: =E8*F8
A9: =Sources!A9 | B9: =Sources!B9 | C9: =Sources!D9 | D9: =Sources!E9 | E9: =Sources!F9 | F9: =Sources!H9 | G9: =IF(ABS(F9-ROUND(F9,0))<0.001,1,0) | H9: =IF(G9=1,F9,CEILING(F9,1)) | I9: =IF(G9=1,0,(H9-F9)*E9) | J9: =E9*F9
A10: =Sources!A10 | B10: =Sources!B10 | C10: =Sources!D10 | D10: =Sources!E10 | E10: =Sources!F10 | F10: =Sources!H10 | G10: =IF(ABS(F10-ROUND(F10,0))<0.001,1,0) | H10: =IF(G10=1,F10,CEILING(F10,1)) | I10: =IF(G10=1,0,(H10-F10)*E10) | J10: =E10*F10
A11: =Sources!A11 | B11: =Sources!B11 | C11: =Sources!D11 | D11: =Sources!E11 | E11: =Sources!F11 | F11: =Sources!H11 | G11: =IF(ABS(F11-ROUND(F11,0))<0.001,1,0) | H11: =IF(G11=1,F11,CEILING(F11,1)) | I11: =IF(G11=1,0,(H11-F11)*E11) | J11: =E11*F11
A12: =Sources!A12 | B12: =Sources!B12 | C12: =Sources!D12 | D12: =Sources!E12 | E12: =Sources!F12 | F12: =Sources!H12 | G12: =IF(ABS(F12-ROUND(F12,0))<0.001,1,0) | H12: =IF(G12=1,F12,CEILING(F12,1)) | I12: =IF(G12=1,0,(H12-F12)*E12) | J12: =E12*F12
A13: =Sources!A13 | B13: =Sources!B13 | C13: =Sources!D13 | D13: =Sources!E13 | E13: =Sources!F13 | F13: =Sources!H13 | G13: =IF(ABS(F13-ROUND(F13,0))<0.001,1,0) | H13: =IF(G13=1,F13,CEILING(F13,1)) | I13: =IF(G13=1,0,(H13-F13)*E13) | J13: =E13*F13
... A5121: =Sources!A5121 | B5121: =Sources!B5121 | C5121: =Sources!D5121 | D5121: =Sources!E5121 | E5121: =Sources!F5121 | F5121: =Sources!H5121 | G5121: =IF(ABS(F5121-ROUND(F5121,0))<0.001,1,0) | H5121: =IF(G5121=1,F5121,CEILING(F5121,1)) | I5121: =IF(G5121=1,0,(H5121-F5121)*E5121) | J5121: =E5121*F5121

Sheet Synthèse
A1: RECOMPOSITION DES QUANTITÉS FRACTIONNAIRES — synthèse recalculée par formule
A3: Articles fractionnés (lignes) | B3: =COUNTA(Calcul!A2:A5121)
A4: dont somme des fractions = entier | B4: =SUM(Calcul!$G$2:$G$5121)
A5: dont somme NON entière (résidu) | B5: =COUNTA(Calcul!A2:A5121)-SUM(Calcul!$G$2:$G$5121)
A6: Taux de recomposition | B6: =B4/B3
A7: Montant reconstitué total (déjà au CA) (€) | B7: =SUM(Calcul!$J$2:$J$5121)
A8: RÉSIDU — complément manquant maximal théorique (€) | B8: =SUM(Calcul!$I$2:$I$5121)
A10: Détail par exercice
A11: Exercice | B11: Articles | C11: dont entiers | D11: Taux | E11: Résidu € (complément manquant)
A12: 2022-2023 | B12: =COUNTIF(Calcul!$A$2:$A$5121,A12) | C12: =SUMIFS(Calcul!$G$2:$G$5121,Calcul!$A$2:$A$5121,A12) | D12: =C12/B12 | E12: =SUMIFS(Calcul!$I$2:$I$5121,Calcul!$A$2:$A$5121,A12)
A13: 2023-2024 | B13: =COUNTIF(Calcul!$A$2:$A$5121,A13) | C13: =SUMIFS(Calcul!$G$2:$G$5121,Calcul!$A$2:$A$5121,A13) | D13: =C13/B13 | E13: =SUMIFS(Calcul!$I$2:$I$5121,Calcul!$A$2:$A$5121,A13)
A14: 2024-2025 | B14: =COUNTIF(Calcul!$A$2:$A$5121,A14) | C14: =SUMIFS(Calcul!$G$2:$G$5121,Calcul!$A$2:$A$5121,A14) | D14: =C14/B14 | E14: =SUMIFS(Calcul!$I$2:$I$5121,Calcul!$A$2:$A$5121,A14)
A15: Total 3 exercices | B15: =SUM(B12:B14) | C15: =SUM(C12:C14) | D15: =C15/B15 | E15: =SUM(E12:E14)

Sheet Tables
A1: Exercice | B1: Date | C1: Heure | D1: Notes jumelles | E1: Nb notes | F1: Total de la table (€) | G1: Articles fractionnés | H1: dont somme=entier | I1: Entièrement reconstituée ? (1/0) | J1: Règlements retrouvés
A2: 2022-2023 | B2: 2022-04-14 | C2: 12:29 | D2: n° 11 + n° 12 + n° 13 + n° 14 + n° 15 + n° 16 | E2: 6 | F2: 152.1 | G2: 16 | H2: 16 | I2: =IF(G2=H2,1,0) | J2: CB / CB / CB / CB / CB / CB
A3: 2022-2023 | B3: 2022-04-16 | C3: 20:22 | D3: n° 23 + n° 24 | E3: 2 | F3: 68.8 | G3: 5 | H3: 5 | I3: =IF(G3=H3,1,0) | J3: CB / CB
A4: 2022-2023 | B4: 2022-04-17 | C4: 20:28 | D4: n° 37 + n° 38 + n° 39 + n° 40 | E4: 4 | F4: 208.1 | G4: 11 | H4: 11 | I4: =IF(G4=H4,1,0) | J4: CB / CB / CB / CB
A5: 2022-2023 | B5: 2022-04-20 | C5: 20:34 | D5: n° 35 + n° 36 | E5: 2 | F5: 42 | G5: 4 | H5: 4 | I5: =IF(G5=H5,1,0) | J5: CB / TR/ESP
A6: 2022-2023 | B6: 2022-04-21 | C6: 11:22 | D6: n° 3 + n° 4 | E6: 2 | F6: 44.4 | G6: 4 | H6: 4 | I6: =IF(G6=H6,1,0) | J6: CB / CB
A7: 2022-2023 | B7: 2022-04-22 | C7: 13:37 | D7: n° 15 + n° 16 | E7: 2 | F7: 116.5 | G7: 5 | H7: 5 | I7: =IF(G7=H7,1,0) | J7: CB / CB
A8: 2022-2023 | B8: 2022-04-23 | C8: 20:12 | D8: n° 18 + n° 19 | E8: 2 | F8: 118.5 | G8: 6 | H8: 6 | I8: =IF(G8=H8,1,0) | J8: CB / CB
A9: 2022-2023 | B9: 2022-04-29 | C9: 12:03 | D9: n° 4 + n° 5 + n° 6 | E9: 3 | F9: 63.5 | G9: 5 | H9: 5 | I9: =IF(G9=H9,1,0) | J9: CB / CB / CB
A10: 2022-2023 | B10: 2022-04-29 | C10: 12:23 | D10: n° 9 + n° 10 | E10: 2 | F10: 61.1 | G10: 6 | H10: 6 | I10: =IF(G10=H10,1,0) | J10: CB / CHQ
A11: 2022-2023 | B11: 2022-04-29 | C11: 20:32 | D11: n° 30 + n° 31 | E11: 2 | F11: 82.6 | G11: 7 | H11: 7 | I11: =IF(G11=H11,1,0) | J11: CB / CB
A12: 2022-2023 | B12: 2022-05-05 | C12: 12:16 | D12: n° 2 + n° 3 | E12: 2 | F12: 166.2 | G12: 5 | H12: 5 | I12: =IF(G12=H12,1,0) | J12: CB / CB
A13: 2022-2023 | B13: 2022-05-06 | C13: 12:15 | D13: n° 10 + n° 11 | E13: 2 | F13: 70.6 | G13: 3 | H13: 3 | I13: =IF(G13=H13,1,0) | J13: CB / CB
... A792: 2024-2025 | B792: 2025-03-29 | C792: 20:33 | D792: n° 31 + n° 32 + n° 33 + n° 34 | E792: 4 | F792: 296.5 | G792: 7 | H792: 7 | I792: =IF(G792=H792,1,0) | J792: CB / CHV/ESP / CB / TR/ESP
A794: Tables partagées | E794: =COUNTA(A2:A792)
A795: Total encaissé des tables (€) | F795: =SUM(F2:F792)
A796: Tables entièrement reconstituées | I796: =SUM(I2:I792)
A797: Tables avec résidu (≥1 fraction non refermée) | I797: =COUNTA(A2:A792)-SUM(I2:I792)

Sheet Résidu 20 tables
A1: Les 20 tables portant au moins un article non refermé (résidu concédé)
A3: Exercice | B3: Date | C3: Table | D3: Articles non refermés | E3: Complément manquant (€)
A4: 2022-2023 | B4: 2022-07-07 | C4: n° 16 + n° 17 + n° 18 | D4: =SUMPRODUCT((Calcul!$B$2:$B$5121=B4)*(Calcul!$C$2:$C$5121=C4)*(Calcul!$G$2:$G$5121=0)) | E4: =SUMPRODUCT((Calcul!$B$2:$B$5121=B4)*(Calcul!$C$2:$C$5121=C4)*Calcul!$I$2:$I$5121)
A5: 2022-2023 | B5: 2022-09-15 | C5: n° 15 + n° 18 + n° 19 | D5: =SUMPRODUCT((Calcul!$B$2:$B$5121=B5)*(Calcul!$C$2:$C$5121=C5)*(Calcul!$G$2:$G$5121=0)) | E5: =SUMPRODUCT((Calcul!$B$2:$B$5121=B5)*(Calcul!$C$2:$C$5121=C5)*Calcul!$I$2:$I$5121)
A6: 2022-2023 | B6: 2022-12-08 | C6: n° 5 + n° 6 + n° 7 + n° 8 | D6: =SUMPRODUCT((Calcul!$B$2:$B$5121=B6)*(Calcul!$C$2:$C$5121=C6)*(Calcul!$G$2:$G$5121=0)) | E6: =SUMPRODUCT((Calcul!$B$2:$B$5121=B6)*(Calcul!$C$2:$C$5121=C6)*Calcul!$I$2:$I$5121)
A7: 2022-2023 | B7: 2023-01-07 | C7: n° 8 + n° 9 + n° 11 + n° 12 + n° 13 | D7: =SUMPRODUCT((Calcul!$B$2:$B$5121=B7)*(Calcul!$C$2:$C$5121=C7)*(Calcul!$G$2:$G$5121=0)) | E7: =SUMPRODUCT((Calcul!$B$2:$B$5121=B7)*(Calcul!$C$2:$C$5121=C7)*Calcul!$I$2:$I$5121)
A8: 2022-2023 | B8: 2023-03-11 | C8: n° 16 + n° 17 + n° 21 + n° 22 | D8: =SUMPRODUCT((Calcul!$B$2:$B$5121=B8)*(Calcul!$C$2:$C$5121=C8)*(Calcul!$G$2:$G$5121=0)) | E8: =SUMPRODUCT((Calcul!$B$2:$B$5121=B8)*(Calcul!$C$2:$C$5121=C8)*Calcul!$I$2:$I$5121)
A9: 2022-2023 | B9: 2023-03-29 | C9: n° 13 + n° 14 + n° 15 + n° 16 | D9: =SUMPRODUCT((Calcul!$B$2:$B$5121=B9)*(Calcul!$C$2:$C$5121=C9)*(Calcul!$G$2:$G$5121=0)) | E9: =SUMPRODUCT((Calcul!$B$2:$B$5121=B9)*(Calcul!$C$2:$C$5121=C9)*Calcul!$I$2:$I$5121)
A10: 2023-2024 | B10: 2023-04-12 | C10: n° 10 + n° 11 + n° 14 | D10: =SUMPRODUCT((Calcul!$B$2:$B$5121=B10)*(Calcul!$C$2:$C$5121=C10)*(Calcul!$G$2:$G$5121=0)) | E10: =SUMPRODUCT((Calcul!$B$2:$B$5121=B10)*(Calcul!$C$2:$C$5121=C10)*Calcul!$I$2:$I$5121)
A11: 2023-2024 | B11: 2023-04-30 | C11: n° 16 + n° 17 + n° 19 + n° 23 + n° 24 + n° 25 | D11: =SUMPRODUCT((Calcul!$B$2:$B$5121=B11)*(Calcul!$C$2:$C$5121=C11)*(Calcul!$G$2:$G$5121=0)) | E11: =SUMPRODUCT((Calcul!$B$2:$B$5121=B11)*(Calcul!$C$2:$C$5121=C11)*Calcul!$I$2:$I$5121)
A12: 2023-2024 | B12: 2023-05-07 | C12: n° 18 + n° 20 + n° 21 | D12: =SUMPRODUCT((Calcul!$B$2:$B$5121=B12)*(Calcul!$C$2:$C$5121=C12)*(Calcul!$G$2:$G$5121=0)) | E12: =SUMPRODUCT((Calcul!$B$2:$B$5121=B12)*(Calcul!$C$2:$C$5121=C12)*Calcul!$I$2:$I$5121)
A13: 2023-2024 | B13: 2023-05-14 | C13: n° 11 + n° 12 | D13: =SUMPRODUCT((Calcul!$B$2:$B$5121=B13)*(Calcul!$C$2:$C$5121=C13)*(Calcul!$G$2:$G$5121=0)) | E13: =SUMPRODUCT((Calcul!$B$2:$B$5121=B13)*(Calcul!$C$2:$C$5121=C13)*Calcul!$I$2:$I$5121)
A14: 2023-2024 | B14: 2023-05-26 | C14: n° 18 + n° 19 + n° 20 | D14: =SUMPRODUCT((Calcul!$B$2:$B$5121=B14)*(Calcul!$C$2:$C$5121=C14)*(Calcul!$G$2:$G$5121=0)) | E14: =SUMPRODUCT((Calcul!$B$2:$B$5121=B14)*(Calcul!$C$2:$C$5121=C14)*Calcul!$I$2:$I$5121)
A15: 2023-2024 | B15: 2023-05-31 | C15: n° 8 + n° 9 + n° 11 | D15: =SUMPRODUCT((Calcul!$B$2:$B$5121=B15)*(Calcul!$C$2:$C$5121=C15)*(Calcul!$G$2:$G$5121=0)) | E15: =SUMPRODUCT((Calcul!$B$2:$B$5121=B15)*(Calcul!$C$2:$C$5121=C15)*Calcul!$I$2:$I$5121)
... A23: 2024-2025 | B23: 2024-12-06 | C23: n° 14 + n° 15 + n° 19 | D23: =SUMPRODUCT((Calcul!$B$2:$B$5121=B23)*(Calcul!$C$2:$C$5121=C23)*(Calcul!$G$2:$G$5121=0)) | E23: =SUMPRODUCT((Calcul!$B$2:$B$5121=B23)*(Calcul!$C$2:$C$5121=C23)*Calcul!$I$2:$I$5121)
C24: TOTAL résidu | D24: =SUM(D4:D23) | E24: =SUM(E4:E23)

Sheet Méthode
A1: Objet
A2: Recomposer, table par table et jour par jour, les quantités fractionnaires (< 1) relevées par le service, et mesurer par formule la part qui se referme sur un entier et le résidu résiduel en euros.
A4: Source unique
A5: Pièce R1-quantites-fractionnaires.xlsx, onglet « Detail articles » (5 120 lignes : une par article fractionné d'une table reconstituée). Ces lignes sont recopiées telles quelles dans l'onglet « Sources » ; aucune valeur de résultat n'est recopiée.
A7: Donnée brute reprise
A8: Pour chaque article : l'exercice, la date, l'heure, l'identifiant de table (notes jumelles), le libellé, le prix unitaire carte, le détail des quantités note par note et la SOMME des fractions de l'article sur la table.
A10: Étape 1 — test d'entier (col. G de Calcul)
A11: =IF(ABS(Somme-ROUND(Somme,0))<0.001,1,0). Vaut 1 si la somme des fractions d'un article retombe exactement sur un entier (ex. 0,50+0,50=1 ; 0,33+0,34+0,33=1), 0 sinon.
A13: Étape 2 — entier cible (col. H)
A14: =IF(entier=1,Somme,CEILING(Somme,1)). L'entier immédiatement supérieur que la somme atteindrait si la ou les parts manquantes étaient rattachées (0,50 -> 1 ; 0,67 -> 1 ; 1,34 -> 2 ; 2,40 -> 3).
A16: Étape 3 — complément manquant € (col. I)
A17: =IF(entier=1,0,(cible-Somme)*PU). C'est le montant maximal théoriquement « manquant » pour cet article si sa ou ses parts complémentaires n'existaient réellement pas. Pour un article refermé, il vaut 0.
A19: Étape 4 — montant reconstitué € (col. J)
A20: =PU*Somme. Montant effectivement facturé et déjà porté au chiffre d'affaires pour cet article.
A22: Synthèse
A23: Onglet « Synthèse » : nombre d'articles, nombre refermés (SUM col. G), taux de recomposition, résidu total (SUM col. I), le tout ventilé par exercice (SUMIFS).
A25: Résidu
A26: Onglet « Résidu 20 tables » : les seules tables portant au moins un article non refermé, avec par SUMPRODUCT le nombre d'articles concernés et le complément manquant en euros. C'est le plafond, honnêtement chiffré, de ce que ce motif pourrait au maximum représenter.
A28: Tables
A29: Onglet « Tables » : les 791 tables de R1 ; la colonne « entièrement reconstituée » est recalculée =IF(articles fractionnés=dont somme entier,1,0). Le total encaissé des tables est resommé (=SUM).
A31: Limite de preuve
A32: La pièce R1 ne contient pas les lignes brutes des annexes C (détail des tickets) ni F (règlements) : le rattachement note -> encaissement et le lien au CA déclaré y sont des colonnes de résultat, non reproduites ici. Les annexes primaires ne sont disponibles que pour l'exercice 2022-2023 (ANNEXE-C1 / F1). Pour 2023-2024 et 2024-2025, la recomposition repose sur la reconstruction de R1, non re-dérivée d'une annexe primaire.
A34: Paramètre de regroupement
A35: Le rattachement des notes en « tables » repose, dans R1, sur une fenêtre de 15 minutes : c'est une heuristique. Une partie du résidu (notes d'un même partage encaissées hors fenêtre) en dépend ; le résidu chiffré ci-dessus est donc un majorant.
