Workbook

Sheet Sources
A1: SOURCES : montants notifiés par le service (aucune valeur calculée ici)
A3: Poste | B3: Montant (€) | C3: Pièce / page
A4: IS (droits) | B4: 97510 | C4: Proposition 18/05/2026, p. 60-62 (42 908 + 27 120 + 27 482)
A5: Intérêts de retard IS (art. 1727) | B5: 4661 | C5: p. 60-62 (2 918 + 1 193 + 550)
A6: Majoration 40 % sur IS (art. 1729) | B6: 39004 | C6: p. 61-62 (17 163 + 10 848 + 10 993)
A7: TVA (droits) | B7: 49547 | C7: p. 65
A8: Intérêts de retard TVA (art. 1727) | B8: 2607 | C8: p. 65 (1 483 + 743 + 381)
A9: Majoration 40 % sur TVA (art. 1729) | B9: 19819 | C9: p. 63-65 (8 016 + 5 942 + 5 861)
A10: Amende 100 % art. 1759 (18/05/2026, avant désignation) | B10: 471826 | C10: p. 58 (193 234,55 + 138 863,57 + 139 727,76)
A11: Supplément notifié M. PASTEUR (3 ans) | B11: 196945 | C11: Proposition 19/10/2026 PASTEUR, p. 67-80 (83 391 + 56 724 + 56 830)
A12: dont majoration 40 % (IR + PS) PASTEUR | B12: 54914 | C12: p. 67-77 (16 277 + 6 647 / 11 068 + 4 777 / 10 947 + 5 198)
A13: dont intérêts de retard PASTEUR | B13: 4747 | C13: p. 67-77
A14: Supplément notifié Mme BEHEM (3 ans) | B14: 172703 | C14: Proposition 19/10/2026 BEHEM (73 859 + 48 124 + 50 720)
A15: dont majoration 40 % (IR + PS) BEHEM | B15: 48795 | C15: (14 356 + 5 944 / 9 820 + 4 266 / 9 756 + 4 653)
... A33: Repère mesuré 2,383251 : excès 3 ans | B33: 444807 | C33: R2-coefficient-revente.xlsx, Confrontation

Sheet Exposition
A1: EXPOSITION : chaque total est une formule
A2: Grandeur | B2: Formule | C2: Attendu
A3: Société maintenue (IS + int. + 40 % + TVA + int. + 40 %) | B3: =SUM(Sources!B4:B9) -> 213148 | C3: 213 148
A4: Associés notifiés (PASTEUR + BEHEM) | B4: =Sources!B11+Sources!B14 -> 369648 | C4: 369 648
A5: Exposition réelle après désignation | B5: =B3+B4 -> 582796 | C5: 582 796
A6: Rappel initial 18/05/2026 (société + amende 1759) | B6: =B3+Sources!B10 -> 684974 | C6: 684 974
A7: Écart rappel initial - exposition réelle | B7: =B6-B5 -> 102178 | C7: 102 178
A8: Base distribuée = somme des discordances TTC | B8: =ROUND(Sources!B17+Sources!B18+Sources!B19,0) -> 471826 | C8: 471 826
A9: Base RCM par foyer = TTC ÷ 2 | B9: =ROUND(B8/2,0) -> 235913 | C9: 235 913
A10: Assiette IR par foyer = base × 1,25 | B10: =ROUND(B9*1.25,0) -> 294891 | C10: 294 891
A11: Supplément d'assiette (+25 %) par foyer | B11: =B10-B9 -> 58978 | C11: 58 978
A12: Majorations de 40 % : société (IS + TVA) | B12: =Sources!B6+Sources!B9 -> 58823 | C12: 58 823
A13: Majorations de 40 % : foyers (PASTEUR + BEHEM) | B13: =Sources!B12+Sources!B15 -> 103709 | C13: 103 709
A14: Majorations de 40 % : total | B14: =B12+B13 -> 162532 | C14: 162 532
A15: Part des 40 % dans l'exposition réelle | B15: =B14/B5 -> 0.27888318 | C15: 27,9 %
A16: Intérêts de retard : total (société + foyers) | B16: =Sources!B5+Sources!B8+Sources!B13+Sources!B16 -> 16143 | C16: 16 143
A17: Exposition hors majorations de 40 % et intérêts | B17: =B5-B14-B16 -> 404121 | C17: 404 121
A18: Part TVA distribuée par foyer (3 ans) | B18: =Sources!B23+Sources!B24+Sources!B25 -> 24963 | C18: 24 963
A19: Part TVA distribuée, deux foyers | B19: =B18*2 -> 49926 | C19: 49 926
A20: Contrôle : (Σ TTC - Σ HT) ÷ 2 | B20: =ROUND((Sources!B17+Sources!B18+Sources!B19-Sources!B20-Sources!B21-Sources!B22)/2,0) -> 24963 | C20: 24 963
A21: Cuisine « fantôme » = extrapolée - réelle | B21: =Sources!B26-Sources!B27 -> 354921 | C21: 354 921
A22: Part de la cuisine fantôme dans la base 471 826 | B22: =B21/B8 -> 0.75222858 | C22: 75,2 %
A23: Postes liquides chiffrés (sur-versement + crémant + cuisine + menus), TTC | B23: =Sources!B28+Sources!B29+Sources!B30+Sources!B31 -> 96149 | C23: 96 149
A24: Part des postes liquides chiffrés dans la base | B24: =B23/B8 -> 0.20378063 | C24: 20,4 %
A25: Excès au repère mesuré, part de la base | B25: =Sources!B33/B8 -> 0.94273525 | C25: 94,3 %

Sheet Scenarios
A1: SCÉNARIOS : réduction de la reconstitution répercutée proportionnellement (approximation : IS à 15 % et barème IR non linéaires)
A3: Réduction de la reconstitution | B3: Taux | C3: Base RCM / foyer | D3: Assiette IR / foyer | E3: Société (≈) | F3: Associés (≈) | G3: Total (≈)
A4: Maintien intégral | B4: 0 | C4: =ROUND(Exposition!$B$9*(1-B4),0) -> 235913 | D4: =ROUND(C4*1.25,0) -> 294891 | E4: =ROUND(Exposition!$B$3*(1-B4),0) -> 213148 | F4: =ROUND(Exposition!$B$4*(1-B4),0) -> 369648 | G4: =E4+F4 -> 582796
A5: Réduction de 25 % | B5: 0.25 | C5: =ROUND(Exposition!$B$9*(1-B5),0) -> 176935 | D5: =ROUND(C5*1.25,0) -> 221169 | E5: =ROUND(Exposition!$B$3*(1-B5),0) -> 159861 | F5: =ROUND(Exposition!$B$4*(1-B5),0) -> 277236 | G5: =E5+F5 -> 437097
A6: Réduction de 50 % | B6: 0.5 | C6: =ROUND(Exposition!$B$9*(1-B6),0) -> 117957 | D6: =ROUND(C6*1.25,0) -> 147446 | E6: =ROUND(Exposition!$B$3*(1-B6),0) -> 106574 | F6: =ROUND(Exposition!$B$4*(1-B6),0) -> 184824 | G6: =E6+F6 -> 291398
A7: Réduction de 75 % | B7: 0.75 | C7: =ROUND(Exposition!$B$9*(1-B7),0) -> 58978 | D7: =ROUND(C7*1.25,0) -> 73723 | E7: =ROUND(Exposition!$B$3*(1-B7),0) -> 53287 | F7: =ROUND(Exposition!$B$4*(1-B7),0) -> 92412 | G7: =E7+F7 -> 145699
A8: Annulation totale | B8: 1 | C8: =ROUND(Exposition!$B$9*(1-B8),0) -> 0 | D8: =ROUND(C8*1.25,0) -> 0 | E8: =ROUND(Exposition!$B$3*(1-B8),0) -> 0 | F8: =ROUND(Exposition!$B$4*(1-B8),0) -> 0 | G8: =E8+F8 -> 0
A10: Attendus : base 235 913 / 176 935 / 117 957 / 58 978 / 0 ; total 582 796 / 437 097 / 291 398 / 145 699 / 0.
A12: Dégrèvement des seules sanctions, droits maintenus (en tout état de cause)
A13: Majorations de 40 % (société + foyers) | B13: =Exposition!B14 -> 162532
A14: Exposition après décharge des 40 % (intérêts maintenus) | B14: =Exposition!B5-B13 -> 420264
A15: Part TVA retirée de la base distribuée (deux foyers, base) | B15: =Exposition!B19 -> 49926

Sheet Methode
A1: MÉTHODE
A3: 1. Sources : montants lus sur la proposition du 18/05/2026 (société), sur les deux propositions du 19/10/2026 (foyers, PDF scannés, OCR relu) et sur les pièces R2 des postes de la reconstitution. Aucun chiffre n'est recalculé dans l'onglet Sources.
A4: 2. Exposition : 213 148 = six postes société ; 369 648 = deux suppléments notifiés ; 582 796 = exposition réelle ; 684 974 = rappel initial avec l'amende de 100 % écartée par la désignation du 16/06/2026.
A5: 3. Base distribuée 471 826 = Σ discordances TTC ; 235 913 par foyer = ÷ 2 ; 294 891 = × 1,25. La part TVA (24 963 par foyer) est contrôlée par (Σ TTC - Σ HT) ÷ 2.
A6: 4. Sanctions : 162 532 = 58 823 (société) + 54 914 (PASTEUR) + 48 795 (BEHEM) ; 27,9 % de 582 796. Intérêts 16 143.
A7: 5. Scénarios : proportionnalité stricte sur la base (exacte) et sur l'impôt (approximation : tranche IS à 15 % jusqu'à 42 500 € et barème progressif de l'IR). Les totaux société et associés sont donc des ordres de grandeur, signalés « ≈ ».
A8: 6. Postes liquides chiffrés (96 149 € TTC) : somme de quatre postes aux périmètres disjoints (sur-versement vin au verre, crémant jeté, alcool de cuisine à la carte, alcool des plats de menus), calculés chacun par la mécanique du service (abattement 15 % puis rapport liquides/solides). Plancher : dégustation et cocktails non convertis en euros.
A9: 7. Recalculé sous LibreOffice (valeurs en cache) ; chaque cellule de résultat est une formule.
