Workbook

Sheet Sources
A1: R2 - Variation de stock boissons (compte 310200) : sources
A2: Chiffres relevés sur la proposition de rectification, tableau « XVII - COMPTABILITÉ NON SINCÈRE / COEFFICIENTS », p. 34 (comptabilité) et p. 35 (post-reconstitution), identiques. Stocks boissons relevés sur les pages récapitulatives datées des trois inventaires (PDF joints).
A4: Exercice clos | B4: Achats Boissons 601200 (€) | C4: Variation stock 310200 (€, signe du service) | D4: Stock boissons initial, page datée (€) | E4: Stock boissons final, page datée (€) | F4: Source
A5: 31/03/2023 | B5: 48237.09 | C5: -800.83 | D5: stock au 31/03/2022 non détenu | E5: 3777.99 | F5: p.34-35 ; SF = recap 31/03/2023 (727,70 + 3 050,29)
A6: 31/03/2024 | B6: 46384.45 | C6: -1029.67 | D6: 3777.99 | E6: 4807.66 | F6: p.34-35 ; SF = recap 31/03/2024 (870,59 + 3 937,07 ; imprimé 4 807,60)
A7: 31/03/2025 | B7: 47098.84 | C7: -273.41 | D7: 4807.66 | E7: 4534.25 | F7: p.34-35 ; SF = recap 31/03/2025 (765,74 + 3 768,51)

Sheet Calcul
A1: R2 - Variation de stock boissons : calcul par formule
A3: 1. Le stock est plat : variation cumulée rapportée aux achats (preuve « pas de cave cachée »)
A5: Exercice | B5: Achats 601200 (€) | C5: Variation 310200 (€) | D5: |variation| / achats | E5: Consommation = achats + variation (€) | F5: Conso / achats
A6: =Sources!A5 -> 31/03/2023 | B6: =Sources!B5 -> 48237.09 | C6: =Sources!C5 -> -800.83 | D6: =ABS(C6)/B6*100 -> 1.6601955 | E6: =B6+C6 -> 47436.26 | F6: =E6/B6*100 -> 98.339804
A7: =Sources!A6 -> 31/03/2024 | B7: =Sources!B6 -> 46384.45 | C7: =Sources!C6 -> -1029.67 | D7: =ABS(C7)/B7*100 -> 2.2198603 | E7: =B7+C7 -> 45354.78 | F7: =E7/B7*100 -> 97.78014
A8: =Sources!A7 -> 31/03/2025 | B8: =Sources!B7 -> 47098.84 | C8: =Sources!C7 -> -273.41 | D8: =ABS(C8)/B8*100 -> 0.58050262 | E8: =B8+C8 -> 46825.43 | F8: =E8/B8*100 -> 99.419497
A9: TOTAL 3 exercices | B9: =SUM(B6:B8) -> 141720.38 | C9: =SUM(C6:C8) -> -2103.91 | D9: =ABS(C9)/B9*100 -> 1.4845501 | E9: =SUM(E6:E8) -> 139616.47 | F9: =E9/B9*100 -> 98.51545
A11: Lecture : variation cumulée de −2 103,91 € sur 141 720,38 € d'achats, soit 1,48 %. Par l'identité « consommation = achats + variation de stock », 98,52 % des achats sont consommés : le stock n'absorbe rien, aucune bouteille n'est mise en réserve.
A14: 2. La variation du service est, au centime, la différence des inventaires datés (SI − SF)
A16: Exercice | B16: Stock initial (€) | C16: Stock final (€) | D16: SI − SF (convention PCG) (€) | E16: Variation retenue par le service (€) | F16: Écart
A17: =Sources!A5 -> 31/03/2023 | B17: stock 31/03/2022 non détenu | C17: =Sources!E5 -> 3777.99 | D17: non calculable | E17: =Sources!C5 -> -800.83 | F17: non vérifiable
A18: =Sources!A6 -> 31/03/2024 | B18: =Sources!D6 -> 3777.99 | C18: =Sources!E6 -> 4807.66 | D18: =B18-C18 -> -1029.67 | E18: =Sources!C6 -> -1029.67 | F18: =D18-E18 -> 0
A19: =Sources!A7 -> 31/03/2025 | B19: =Sources!D7 -> 4807.66 | C19: =Sources!E7 -> 4534.25 | D19: =B19-C19 -> 273.41 | E19: =Sources!C7 -> -273.41 | F19: =D19-E19 -> 546.82
A20: 2023-2024 : SI − SF = 3 777,99 − 4 807,66 = −1 029,67 €, égal au service (écart 0,00 €). 2024-2025 : SI − SF = +273,41 € ; le service a porté −273,41 € (montant égal, signe inversé en sa défaveur de 546,82 €, non revendiqué).

Sheet Methode
A1: R2 - Variation de stock 310200 : méthode et sources
A3: Objet : établir que, sur les trois exercices vérifiés, le stock de boissons est plat, et que la variation de stock retenue par le service procède, au centime, des inventaires datés de la société.
A5: Sources chiffrées (aucun chiffre reconstitué) :
A6: - Achats Boissons (compte 601 200) et Variation stocks Boissons (compte 310 200) : proposition de rectification, p. 34 (tableau comptabilité) et p. 35 (post-reconstitution), valeurs identiques.
A7: - Stock boissons de clôture : pages récapitulatives datées des inventaires au 31/03/2023, 31/03/2024 et 31/03/2025 (PDF joints au dossier).
A9: Convention : la variation de stock additionnée aux achats est, par le plan comptable, le stock initial diminué du stock final (SI − SF). Un stock qui augmente donne une variation négative, qui réduit la consommation.
A11: Résultats verrouillés :
A12: - Achats boissons 3 ans = 141 720,38 € ; variation cumulée = −2 103,91 € ; |variation|/achats = 1,48 %.
A13: - Consommation = achats + variation = 139 616,47 €, soit 98,52 % des achats consommés.
A14: - 2023-2024 : SI − SF = 3 777,99 − 4 807,66 = −1 029,67 €, identique au service.
A15: - 2024-2025 : SI − SF = +273,41 € ; service −273,41 € (signe inversé, 546,82 € en faveur du restaurant, non revendiqué).
A16: - 2022-2023 : stock d'ouverture au 31/03/2022 non détenu ; le −800,83 € du service n'est pas vérifiable par la chaîne.
A18: Portée : ces chiffres prouvent l'absence de stock caché (stock plat) et que le service a exploité les inventaires de la société. Ils ne valent pas, à eux seuls, preuve de la régularité formelle des états (date, signature, exhaustivité).
