Workbook

Sheet Références
A1: RÉFÉRENCES — études publiées et vérifiables sur le sur-versement au verre
A3: Étude (auteurs, année) | B3: Publication | C3: Ce qui est mesuré | D3: Chiffre publié exact | E3: URL (texte intégral)
A4: Kerr WC, Patterson D, Koenen MA, Greenfield TK (2008) | B4: Alcoholism: Clinical and Experimental Research, 32(9), p. 1623-1629 | C4: Volume de 131 verres de vin servis, mesuré au cylindre gradué dans 80 bars et restaurants du nord de la Californie (480 boissons mesurées au total) | D4: Verre de vin : 6,18 oz en moyenne (= 18,28 cl), IC 95 % 5,95 à 6,41 oz (= 17,60 à 18,96 cl) ; ABV moyen 13,99 % | E4: https://pmc.ncbi.nlm.nih.gov/articles/PMC2574782/
A5: Kerr WC et coll. (2008), même étude | B5: idem, Table 2 | C5: Alcool (éthanol) contenu dans 227 cocktails (mixed drinks) réellement commandés et mesurés | D5: 0,85 oz d'éthanol par cocktail, IC 95 % 0,79 à 0,90 oz, pour une référence de 0,60 oz | E5: https://pmc.ncbi.nlm.nih.gov/articles/PMC2574782/
A6: Kerr WC et coll. (2008), même étude | B6: idem, Table 2 | C6: Volume de 61 doses de spiritueux servies sèches (shots) | D6: 1,51 oz en moyenne, IC 95 % 1,32 à 1,70 oz, pour une référence de 1,50 oz (« the only drink subtype to conform to the standard pour ») | E6: https://pmc.ncbi.nlm.nih.gov/articles/PMC2574782/
A7: Wansink B, van Ittersum K (2005) | B7: BMJ, 331(7531), p. 1512-1514 | C7: Volume versé par 86 barmen professionnels (6,3 ans d'expérience) à qui il est demandé de verser une dose de 44,3 ml (1,5 oz) | D7: 54,6 ml versés dans le verre bas et large (+ 23,3 %) ; 46,4 ml dans le verre haut et étroit (+ 4,7 %) | E7: https://pmc.ncbi.nlm.nih.gov/articles/PMC1322248/
A8: Boniface S, Kneale J, Shelton N (2013) | B8: Alcoholism: Clinical and Experimental Research, 37(6), p. 978-983 | C8: Nombre d'unités d'alcool dans le « verre habituel » de vin auto-servi, Angleterre (n = 264) | D8: 1,90 unité britannique en moyenne (SD 0,80), là où un verre nominal de 125 ml à 12 % pèse environ 1,5 unité : sur-service confirmé | E8: https://doi.org/10.1111/acer.12046
A10: Conversion utilisée : 1 oz = 29,5735 ml = 2,95735 cl. Dose de la carte La Demi-Lune : 15 cl le verre de vin. Référence « standard drink » US : 0,60 oz d'éthanol ; verre de vin de référence 5 oz (148 ml) à 12 % ABV (définitions citées par Kerr 2008).

Sheet Sources
A1: SOURCES — taux documentés (bornes publiées) et volumes versés à la main
A3: 1. Volumes versés à la main par exercice (L) — repris de R2-sur-versement-chiffrage.xlsx / R1-sur-versement-fourchette.xlsx
A4: Exercice | B4: Vin au verre (L) | C4: Cocktails alcool (L) | D4: Spiritueux verre (L)
A5: 2022-2023 | B5: 371.77 | C5: 169.57 | D5: 22.58
A6: 2023-2024 | B6: 368.45 | C6: 178.08 | D6: 21.72
A7: 2024-2025 | B7: 379.69 | C7: 169.07 | D7: 18.39
A8: TOTAL | B8: =SUM(B5:B7) -> 1119.91 | C8: =SUM(C5:C7) -> 516.72 | D8: =SUM(D5:D7) -> 62.69
A10: 2. Taux de service : bornes publiées (Kerr 2008, Table 2) — valeur centrale = moyenne mesurée
A11: Poste | B11: Borne basse | C11: Valeur centrale (retenue) | D11: Borne haute | E11: Base de la borne
A12: Vin au verre : volume servi (cl) | B12: 17.6 | C12: 18.28 | D12: 18.96 | E12: IC 95 % de Kerr : 5,95 / 6,18 / 6,41 oz × 2,95735 (arrondi 0,01 cl)
A13: Vin : dose de la carte (cl) | C13: 15 | E13: Carte La Demi-Lune (proposition 18/05/2026)
A14: Cocktails : éthanol mesuré (oz) | B14: 0.79 | C14: 0.85 | D14: 0.9 | E14: IC 95 % de l'éthanol des mixed drinks (Kerr)
A15: Cocktails : éthanol de référence (oz) | C15: 0.6 | E15: Standard drink US
A16: Spiritueux secs : dose mesurée (oz) | B16: 1.32 | C16: 1.51 | D16: 1.7 | E16: IC 95 % des 61 shots (Kerr)
A17: Spiritueux : dose de référence (oz) | C17: 1.5 | E17: Standard shot US
A19: 3. Taux de sur-versement = dépassement de la dose de référence (formule)
A20: Poste | B20: Taux bas | C20: Taux central (retenu) | D20: Taux haut | E20: Formule du taux central
A21: Vin au verre | B21: =B12/C13-1 -> 0.17333333 | C21: =C12/C13-1 -> 0.21866667 | D21: =D12/C13-1 -> 0.264 | E21: 18,28 cl / 15 cl − 1
A22: Cocktails | B22: =B14/C15-1 -> 0.31666667 | C22: =C14/C15-1 -> 0.41666667 | D22: =D14/C15-1 -> 0.5 | E22: 0,85 oz / 0,60 oz − 1
A23: Spiritueux secs | B23: =MAX(0,B16/C17-1) -> 0 | C23: =C16/C17-1 -> 0.0066666667 | D23: =D16/C17-1 -> 0.13333333 | E23: 1,51 oz / 1,50 oz − 1 ; borne basse plancher 0 (l'IC franchit 0)

Sheet Fourchette
A1: FOURCHETTE — sur-versement encadré par les bornes publiées, par exercice (L)
A2: Sur-versement = volume versé à la main × taux. Bornes basse/haute = IC 95 % de Kerr ; central = moyenne mesurée (= demande retenue).
A4: Exercice | B4: Vin bas | C4: Vin central | D4: Vin haut | E4: Cocktails bas | F4: Cockt. central | G4: Cockt. haut | H4: Total bas | I4: Total central | J4: Total haut
A5: 2022-2023 | B5: =Sources!B5*Sources!B21 -> 64.440133 | C5: =Sources!B5*Sources!C21 -> 81.293707 | D5: =Sources!B5*Sources!D21 -> 98.14728 | E5: =Sources!C5*Sources!B22 -> 53.697167 | F5: =Sources!C5*Sources!C22 -> 70.654167 | G5: =Sources!C5*Sources!D22 -> 84.785 | H5: =B5+E5+Sources!D5*Sources!B23 -> 118.1373 | I5: =C5+F5+Sources!D5*Sources!C23 -> 152.09841 | J5: =D5+G5+Sources!D5*Sources!D23 -> 185.94295
A6: 2023-2024 | B6: =Sources!B6*Sources!B21 -> 63.864667 | C6: =Sources!B6*Sources!C21 -> 80.567733 | D6: =Sources!B6*Sources!D21 -> 97.2708 | E6: =Sources!C6*Sources!B22 -> 56.392 | F6: =Sources!C6*Sources!C22 -> 74.2 | G6: =Sources!C6*Sources!D22 -> 89.04 | H6: =B6+E6+Sources!D6*Sources!B23 -> 120.25667 | I6: =C6+F6+Sources!D6*Sources!C23 -> 154.91253 | J6: =D6+G6+Sources!D6*Sources!D23 -> 189.2068
A7: 2024-2025 | B7: =Sources!B7*Sources!B21 -> 65.812933 | C7: =Sources!B7*Sources!C21 -> 83.025547 | D7: =Sources!B7*Sources!D21 -> 100.23816 | E7: =Sources!C7*Sources!B22 -> 53.538833 | F7: =Sources!C7*Sources!C22 -> 70.445833 | G7: =Sources!C7*Sources!D22 -> 84.535 | H7: =B7+E7+Sources!D7*Sources!B23 -> 119.35177 | I7: =C7+F7+Sources!D7*Sources!C23 -> 153.59398 | J7: =D7+G7+Sources!D7*Sources!D23 -> 187.22516
A8: TOTAL 3 ex. | B8: =SUM(B5:B7) -> 194.11773 | C8: =SUM(C5:C7) -> 244.88699 | D8: =SUM(D5:D7) -> 295.65624 | E8: =SUM(E5:E7) -> 163.628 | F8: =SUM(F5:F7) -> 215.3 | G8: =SUM(G5:G7) -> 258.36 | H8: =SUM(H5:H7) -> 357.74573 | I8: =SUM(I5:I7) -> 460.60492 | J8: =SUM(J5:J7) -> 562.37491
A10: SYNTHÈSE — position de la demande retenue dans la fourchette officielle
A11: Fourchette totale basse (L) | B11: =H8 -> 357.74573
A12: Demande retenue = centrale (L) | B12: =I8 -> 460.60492
A13: Fourchette totale haute (L) | B13: =J8 -> 562.37491
A14: Milieu de la fourchette (L) | B14: =(H8+J8)/2 -> 460.06032
A15: Position de la demande dans la fourchette (0 % = bas, 100 % = haut) | B15: =(I8-H8)/(J8-H8) -> 0.5026614
A16: Écart demande / milieu de fourchette | B16: =I8-(H8+J8)/2 -> 0.5446
A18: VERRE DE VIN — position du volume retenu dans l'IC 95 % de Kerr
A19: Borne basse IC 95 % (cl) | B19: =Sources!B12 -> 17.6
A20: Volume retenu = moyenne mesurée (cl) | B20: =Sources!C12 -> 18.28
A21: Borne haute IC 95 % (cl) | B21: =Sources!D12 -> 18.96
A22: Position du verre retenu dans l'IC (0 % = bas, 100 % = haut) | B22: =(Sources!C12-Sources!B12)/(Sources!D12-Sources!B12) -> 0.5
A23: Dose de la carte (cl) | B23: =Sources!C13 -> 15

Sheet Méthode
A1: MÉTHODE — fourchette officielle du sur-versement au verre
A3: OBJET : montrer que la demande retenue (460,6 L sur 3 exercices) n'est pas une estimation opportuniste mais la
A4: valeur CENTRALE de ce que la littérature publiée a mesuré. Chaque borne vient d'un intervalle de confiance publié.
A6: 1. Bornes (onglet Sources, bloc 2). Toutes tirées de Kerr et coll. 2008, Table 2 (IC 95 %) :
A7: • Vin au verre : volume servi mesuré 6,18 oz (central), IC 95 % 5,95 à 6,41 oz, soit 17,60 / 18,28 / 18,96 cl
A8: (1 oz = 2,95735 cl, arrondi 0,01 cl). Rapporté à la dose de carte de 15 cl : +17,3 % / +21,9 % / +26,4 %.
A9: • Cocktails : éthanol 0,85 oz (central), IC 95 % 0,79 à 0,90 oz, / 0,60 oz de référence : +31,7 % / +41,7 % / +50,0 %.
A10: • Spiritueux secs : 1,51 oz (central), IC 95 % 1,32 à 1,70 oz, / 1,50 oz : borne basse négative (plancher 0),
A11: central +0,7 %, haut +13,3 %. Poste négligeable.
A13: 2. Fourchette (onglet Fourchette). Sur-versement par poste et par exercice = volume versé à la main × taux.
A14: Le volume versé à la main par exercice est repris de R1-sur-versement-fourchette.xlsx (ventes caisse, ANNEXE-C/D).
A15: La borne basse du poste spiritueux est plancardée à 0 (un sous-versement n'est pas un sur-versement).
... A30: moyenne 1,90 unité, bien au-dessus du verre nominal.
