Workbook

Sheet Méthode
A1: R2 — TABLES « VIRTUELLES » / NUMÉROS DE NOTE — pièce recalculable à formules
A3: Objet : démontrer, à partir des seules annexes brutes de la caisse, que le numéro porté par l'export
A4: n'est pas un numéro de table mais un rang d'addition quotidien (1, 2, 3 … n).
A6: Périmètre : exercice 2022-2023 UNIQUEMENT. Les seules annexes de caisse brutes versées au dossier
A7: sont celles de cet exercice (ANNEXE-C1 et ANNEXE-H1, suffixe _2022-2023). Les exercices 2023-2024 et
A8: 2024-2025 appellent la production des annexes C2/C3 et H2/H3 pour être rendus aussi reproductibles.
A10: SOURCES (recopiées ligne à ligne, aucune donnée saisie à la main) :
A11: • « C1 notes (source) » : une ligne par ticket détaillé de l'annexe C1 (Id interne, date, n° de note).
A12: 5 660 tickets ; dédoublonnage par l'identifiant interne (colonne « Id » partagée par les lignes d'un ticket).
A13: • « H1 zéro (source) » : tous les tickets de l'annexe H1 clôturés à 0,00 € (tot_ttc = 0).
A14: • « H1 encaissés (source) » : tous les tickets de l'annexe H1 au total non nul (tot_ttc ≠ 0).
A16: CALCUL (résultats PAR FORMULE) :
... A23: Toutes les cellules de résultat sont des formules : ouvrez-les, elles se recalculent sur les sources.

Sheet C1 notes (source)
A1: Id (annexe C1) | B1: Date du ticket | C1: N° de note (no_ticket)
A2: 46623 | B2: 2022-04-14 | C2: 1
A3: 46626 | B3: 2022-04-14 | C3: 2
A4: 46628 | B4: 2022-04-14 | C4: 3
A5: 46630 | B5: 2022-04-14 | C5: 4
A6: 46629 | B6: 2022-04-14 | C6: 5
A7: 46631 | B7: 2022-04-14 | C7: 6
A8: 46633 | B8: 2022-04-14 | C8: 7
A9: 46635 | B9: 2022-04-14 | C9: 8
A10: 46634 | B10: 2022-04-14 | C10: 9
A11: 46632 | B11: 2022-04-14 | C11: 10
A12: 46637 | B12: 2022-04-14 | C12: 11
A13: 46636 | B13: 2022-04-14 | C13: 12
... A5661: 53892 | B5661: 2023-03-31 | C5661: 21

Sheet Jours (calcul)
A1: SYNTHÈSE (exercice 2022-2023) — toutes les valeurs sont des formules
A2: Journées d'ouverture analysées | B2: =COUNTA($A$13:$A$233)
A3: Additions (tickets détaillés, annexe C1) | B3: =COUNTA('C1 notes (source)'!$A$2:$A$5661)
A4: Journées où les n° forment la suite 1..n sans trou | B4: =SUM($F$13:$F$233)
A5: Corrélation n° max / nombre d'additions | B5: =CORREL($C$13:$C$233,$B$13:$B$233)
A6: Journées où le n° max dépasse 15 | B6: =COUNTIF($C$13:$C$233,">15")
A7: Journées où le n° max dépasse 18 | B7: =COUNTIF($C$13:$C$233,">18")
A8: N° max le plus élevé observé | B8: =MAX($C$13:$C$233)
A9: N° max le plus faible observé | B9: =MIN($C$13:$C$233)
A12: Date | B12: Nb additions | C12: N° max | D12: N° min | E12: Somme des n° | F12: Suite 1..n sans trou (1=oui)
A13: 2022-04-14 | B13: =COUNTIFS('C1 notes (source)'!$B$2:$B$5661,$A13) | C13: {=MAX(IF('C1 notes (source)'!$B$2:$B$5661=$A13,'C1 notes (source)'!$C$2:$C$5661))} | D13: {=MIN(IF('C1 notes (source)'!$B$2:$B$5661=$A13,'C1 notes (source)'!$C$2:$C$5661))} | E13: =SUMIFS('C1 notes (source)'!$C$2:$C$5661,'C1 notes (source)'!$B$2:$B$5661,$A13) | F13: =IF(AND($D13=1,$C13=$B13,$E13=$C13*($C13+1)/2),1,0)
A14: 2022-04-15 | B14: =COUNTIFS('C1 notes (source)'!$B$2:$B$5661,$A14) | C14: {=MAX(IF('C1 notes (source)'!$B$2:$B$5661=$A14,'C1 notes (source)'!$C$2:$C$5661))} | D14: {=MIN(IF('C1 notes (source)'!$B$2:$B$5661=$A14,'C1 notes (source)'!$C$2:$C$5661))} | E14: =SUMIFS('C1 notes (source)'!$C$2:$C$5661,'C1 notes (source)'!$B$2:$B$5661,$A14) | F14: =IF(AND($D14=1,$C14=$B14,$E14=$C14*($C14+1)/2),1,0)
A15: 2022-04-16 | B15: =COUNTIFS('C1 notes (source)'!$B$2:$B$5661,$A15) | C15: {=MAX(IF('C1 notes (source)'!$B$2:$B$5661=$A15,'C1 notes (source)'!$C$2:$C$5661))} | D15: {=MIN(IF('C1 notes (source)'!$B$2:$B$5661=$A15,'C1 notes (source)'!$C$2:$C$5661))} | E15: =SUMIFS('C1 notes (source)'!$C$2:$C$5661,'C1 notes (source)'!$B$2:$B$5661,$A15) | F15: =IF(AND($D15=1,$C15=$B15,$E15=$C15*($C15+1)/2),1,0)
A16: 2022-04-17 | B16: =COUNTIFS('C1 notes (source)'!$B$2:$B$5661,$A16) | C16: {=MAX(IF('C1 notes (source)'!$B$2:$B$5661=$A16,'C1 notes (source)'!$C$2:$C$5661))} | D16: {=MIN(IF('C1 notes (source)'!$B$2:$B$5661=$A16,'C1 notes (source)'!$C$2:$C$5661))} | E16: =SUMIFS('C1 notes (source)'!$C$2:$C$5661,'C1 notes (source)'!$B$2:$B$5661,$A16) | F16: =IF(AND($D16=1,$C16=$B16,$E16=$C16*($C16+1)/2),1,0)
A17: 2022-04-18 | B17: =COUNTIFS('C1 notes (source)'!$B$2:$B$5661,$A17) | C17: {=MAX(IF('C1 notes (source)'!$B$2:$B$5661=$A17,'C1 notes (source)'!$C$2:$C$5661))} | D17: {=MIN(IF('C1 notes (source)'!$B$2:$B$5661=$A17,'C1 notes (source)'!$C$2:$C$5661))} | E17: =SUMIFS('C1 notes (source)'!$C$2:$C$5661,'C1 notes (source)'!$B$2:$B$5661,$A17) | F17: =IF(AND($D17=1,$C17=$B17,$E17=$C17*($C17+1)/2),1,0)
A18: 2022-04-20 | B18: =COUNTIFS('C1 notes (source)'!$B$2:$B$5661,$A18) | C18: {=MAX(IF('C1 notes (source)'!$B$2:$B$5661=$A18,'C1 notes (source)'!$C$2:$C$5661))} | D18: {=MIN(IF('C1 notes (source)'!$B$2:$B$5661=$A18,'C1 notes (source)'!$C$2:$C$5661))} | E18: =SUMIFS('C1 notes (source)'!$C$2:$C$5661,'C1 notes (source)'!$B$2:$B$5661,$A18) | F18: =IF(AND($D18=1,$C18=$B18,$E18=$C18*($C18+1)/2),1,0)
A19: 2022-04-21 | B19: =COUNTIFS('C1 notes (source)'!$B$2:$B$5661,$A19) | C19: {=MAX(IF('C1 notes (source)'!$B$2:$B$5661=$A19,'C1 notes (source)'!$C$2:$C$5661))} | D19: {=MIN(IF('C1 notes (source)'!$B$2:$B$5661=$A19,'C1 notes (source)'!$C$2:$C$5661))} | E19: =SUMIFS('C1 notes (source)'!$C$2:$C$5661,'C1 notes (source)'!$B$2:$B$5661,$A19) | F19: =IF(AND($D19=1,$C19=$B19,$E19=$C19*($C19+1)/2),1,0)
A20: 2022-04-22 | B20: =COUNTIFS('C1 notes (source)'!$B$2:$B$5661,$A20) | C20: {=MAX(IF('C1 notes (source)'!$B$2:$B$5661=$A20,'C1 notes (source)'!$C$2:$C$5661))} | D20: {=MIN(IF('C1 notes (source)'!$B$2:$B$5661=$A20,'C1 notes (source)'!$C$2:$C$5661))} | E20: =SUMIFS('C1 notes (source)'!$C$2:$C$5661,'C1 notes (source)'!$B$2:$B$5661,$A20) | F20: =IF(AND($D20=1,$C20=$B20,$E20=$C20*($C20+1)/2),1,0)
A21: 2022-04-23 | B21: =COUNTIFS('C1 notes (source)'!$B$2:$B$5661,$A21) | C21: {=MAX(IF('C1 notes (source)'!$B$2:$B$5661=$A21,'C1 notes (source)'!$C$2:$C$5661))} | D21: {=MIN(IF('C1 notes (source)'!$B$2:$B$5661=$A21,'C1 notes (source)'!$C$2:$C$5661))} | E21: =SUMIFS('C1 notes (source)'!$C$2:$C$5661,'C1 notes (source)'!$B$2:$B$5661,$A21) | F21: =IF(AND($D21=1,$C21=$B21,$E21=$C21*($C21+1)/2),1,0)
A22: 2022-04-24 | B22: =COUNTIFS('C1 notes (source)'!$B$2:$B$5661,$A22) | C22: {=MAX(IF('C1 notes (source)'!$B$2:$B$5661=$A22,'C1 notes (source)'!$C$2:$C$5661))} | D22: {=MIN(IF('C1 notes (source)'!$B$2:$B$5661=$A22,'C1 notes (source)'!$C$2:$C$5661))} | E22: =SUMIFS('C1 notes (source)'!$C$2:$C$5661,'C1 notes (source)'!$B$2:$B$5661,$A22) | F22: =IF(AND($D22=1,$C22=$B22,$E22=$C22*($C22+1)/2),1,0)
A23: 2022-04-27 | B23: =COUNTIFS('C1 notes (source)'!$B$2:$B$5661,$A23) | C23: {=MAX(IF('C1 notes (source)'!$B$2:$B$5661=$A23,'C1 notes (source)'!$C$2:$C$5661))} | D23: {=MIN(IF('C1 notes (source)'!$B$2:$B$5661=$A23,'C1 notes (source)'!$C$2:$C$5661))} | E23: =SUMIFS('C1 notes (source)'!$C$2:$C$5661,'C1 notes (source)'!$B$2:$B$5661,$A23) | F23: =IF(AND($D23=1,$C23=$B23,$E23=$C23*($C23+1)/2),1,0)
A24: 2022-04-28 | B24: =COUNTIFS('C1 notes (source)'!$B$2:$B$5661,$A24) | C24: {=MAX(IF('C1 notes (source)'!$B$2:$B$5661=$A24,'C1 notes (source)'!$C$2:$C$5661))} | D24: {=MIN(IF('C1 notes (source)'!$B$2:$B$5661=$A24,'C1 notes (source)'!$C$2:$C$5661))} | E24: =SUMIFS('C1 notes (source)'!$C$2:$C$5661,'C1 notes (source)'!$B$2:$B$5661,$A24) | F24: =IF(AND($D24=1,$C24=$B24,$E24=$C24*($C24+1)/2),1,0)
... A233: 2023-03-31 | B233: =COUNTIFS('C1 notes (source)'!$B$2:$B$5661,$A233) | C233: {=MAX(IF('C1 notes (source)'!$B$2:$B$5661=$A233,'C1 notes (source)'!$C$2:$C$5661))} | D233: {=MIN(IF('C1 notes (source)'!$B$2:$B$5661=$A233,'C1 notes (source)'!$C$2:$C$5661))} | E233: =SUMIFS('C1 notes (source)'!$C$2:$C$5661,'C1 notes (source)'!$B$2:$B$5661,$A233) | F233: =IF(AND($D233=1,$C233=$B233,$E233=$C233*($C233+1)/2),1,0)

Sheet H1 zéro (source)
A1: Date | B1: Heure | C1: N° de ticket | D1: Id (annexe H1)
A2: 2022-04-14 | B2: 11:25 | C2: 1 | D2: 46621
A3: 2022-04-14 | B3: 11:26 | C3: 2 | D3: 46622
A4: 2022-04-14 | B4: 11:48 | C4: 3 | D4: 46624
A5: 2022-04-14 | B5: 13:35 | C5: 5 | D5: 46625
A6: 2022-04-14 | B6: 12:25 | C6: 4 | D6: 46627
A7: 2022-04-14 | B7: 18:35 | C7: 6 | D7: 46647
A8: 2022-04-14 | B8: 19:18 | C8: 7 | D8: 46648
A9: 2022-04-14 | B9: 20:57 | C9: 9 | D9: 46652
A10: 2022-04-14 | B10: 20:56 | C10: 8 | D10: 46653
A11: 2022-04-15 | B11: 11:54 | C11: 1 | D11: 46667
A12: 2022-04-15 | B12: 12:12 | C12: 2 | D12: 46672
A13: 2022-04-15 | B13: 18:43 | C13: 3 | D13: 46676
... A1191: 2023-03-30 | B1191: 12:19 | C1191: 1 | D1191: 53870

Sheet H1 encaissés (source)
A1: Date | B1: N° de ticket
A2: 2022-04-14 | B2: 1
A3: 2022-04-14 | B3: 2
A4: 2022-04-14 | B4: 3
A5: 2022-04-14 | B5: 5
A6: 2022-04-14 | B6: 4
A7: 2022-04-14 | B7: 6
A8: 2022-04-14 | B8: 10
A9: 2022-04-14 | B9: 7
A10: 2022-04-14 | B10: 9
A11: 2022-04-14 | B11: 8
A12: 2022-04-14 | B12: 12
A13: 2022-04-14 | B13: 11
... A5659: 2023-03-31 | B5659: 20

Sheet Tickets zéro (calcul)
A1: SYNTHÈSE tickets clôturés à 0,00 € (exercice 2022-2023) — formules
A2: Tickets clôturés à 0,00 € | B2: =COUNTA($A$9:$A$1198)
A3: Appariés à un ticket encaissé (même date, même n°) | B3: =SUM($F$9:$F$1198)
A4: Sans jumeau encaissé | B4: =COUNTA($A$9:$A$1198)-SUM($F$9:$F$1198)
A8: Date | B8: Heure | C8: N° ticket | D8: Id | E8: Nb jumeaux encaissés | F8: A un jumeau (1=oui)
A9: 2022-04-14 | B9: 11:25 | C9: 1 | D9: 46621 | E9: =COUNTIFS('H1 encaissés (source)'!$A$2:$A$5659,$A9,'H1 encaissés (source)'!$B$2:$B$5659,$C9) | F9: =IF($E9>0,1,0)
A10: 2022-04-14 | B10: 11:26 | C10: 2 | D10: 46622 | E10: =COUNTIFS('H1 encaissés (source)'!$A$2:$A$5659,$A10,'H1 encaissés (source)'!$B$2:$B$5659,$C10) | F10: =IF($E10>0,1,0)
A11: 2022-04-14 | B11: 11:48 | C11: 3 | D11: 46624 | E11: =COUNTIFS('H1 encaissés (source)'!$A$2:$A$5659,$A11,'H1 encaissés (source)'!$B$2:$B$5659,$C11) | F11: =IF($E11>0,1,0)
A12: 2022-04-14 | B12: 13:35 | C12: 5 | D12: 46625 | E12: =COUNTIFS('H1 encaissés (source)'!$A$2:$A$5659,$A12,'H1 encaissés (source)'!$B$2:$B$5659,$C12) | F12: =IF($E12>0,1,0)
A13: 2022-04-14 | B13: 12:25 | C13: 4 | D13: 46627 | E13: =COUNTIFS('H1 encaissés (source)'!$A$2:$A$5659,$A13,'H1 encaissés (source)'!$B$2:$B$5659,$C13) | F13: =IF($E13>0,1,0)
A14: 2022-04-14 | B14: 18:35 | C14: 6 | D14: 46647 | E14: =COUNTIFS('H1 encaissés (source)'!$A$2:$A$5659,$A14,'H1 encaissés (source)'!$B$2:$B$5659,$C14) | F14: =IF($E14>0,1,0)
A15: 2022-04-14 | B15: 19:18 | C15: 7 | D15: 46648 | E15: =COUNTIFS('H1 encaissés (source)'!$A$2:$A$5659,$A15,'H1 encaissés (source)'!$B$2:$B$5659,$C15) | F15: =IF($E15>0,1,0)
A16: 2022-04-14 | B16: 20:57 | C16: 9 | D16: 46652 | E16: =COUNTIFS('H1 encaissés (source)'!$A$2:$A$5659,$A16,'H1 encaissés (source)'!$B$2:$B$5659,$C16) | F16: =IF($E16>0,1,0)
A17: 2022-04-14 | B17: 20:56 | C17: 8 | D17: 46653 | E17: =COUNTIFS('H1 encaissés (source)'!$A$2:$A$5659,$A17,'H1 encaissés (source)'!$B$2:$B$5659,$C17) | F17: =IF($E17>0,1,0)
A18: 2022-04-15 | B18: 11:54 | C18: 1 | D18: 46667 | E18: =COUNTIFS('H1 encaissés (source)'!$A$2:$A$5659,$A18,'H1 encaissés (source)'!$B$2:$B$5659,$C18) | F18: =IF($E18>0,1,0)
A19: 2022-04-15 | B19: 12:12 | C19: 2 | D19: 46672 | E19: =COUNTIFS('H1 encaissés (source)'!$A$2:$A$5659,$A19,'H1 encaissés (source)'!$B$2:$B$5659,$C19) | F19: =IF($E19>0,1,0)
A20: 2022-04-15 | B20: 18:43 | C20: 3 | D20: 46676 | E20: =COUNTIFS('H1 encaissés (source)'!$A$2:$A$5659,$A20,'H1 encaissés (source)'!$B$2:$B$5659,$C20) | F20: =IF($E20>0,1,0)
... A1198: 2023-03-30 | B1198: 12:19 | C1198: 1 | D1198: 53870 | E1198: =COUNTIFS('H1 encaissés (source)'!$A$2:$A$5659,$A1198,'H1 encaissés (source)'!$B$2:$B$5659,$C1198) | F1198: =IF($E1198>0,1,0)
