Workbook

Sheet Sources
A1: SOURCES — données brutes (aucune n'est calculée ici)
A2: Discordances TTC de la reconstitution société (proposition du 18/05/2026, p. 52 ; digest 07)
A4: Exercice | B4: Discordance TTC société (€)
A5: 2023 | B5: 193234.55
A6: 2024 | B6: 138863.57
A7: 2025 | B7: 139727.76
A8: Total | B8: =SUM(B5:B7)
A10: Suppléments d'impôt NOTIFIÉS par le service (propositions personnelles du 19/10/2026, PDF scannés)
A11: Exercice | B11: PASTEUR notifié (€) | C11: BEHEM notifié (€) | D11: dont majoration 40% PASTEUR (€) | E11: dont majoration 40% BEHEM (€)
A12: 2023 | B12: 83391 | C12: 73859 | D12: 16277 | E12: 14356
A13: 2024 | B13: 56724 | C13: 48124 | D13: 11068 | E13: 9820
A14: 2025 | B14: 56830 | C14: 50720 | D14: 10947 | E14: 9756
A15: Total | B15: =SUM(B12:B14) | C15: =SUM(C12:C14) | D15: =SUM(D12:D14) | E15: =SUM(E12:E14)
A17: Note : les suppléments notifiés (196 945 € PASTEUR, 172 703 € BEHEM) et les majorations sont les chiffres du SERVICE, lus sur les propositions scannées. Ils ne sont PAS recalculés ici (l'IR au barème dépend du revenu propre de chaque foyer, non communiqué).

Sheet Calcul
A1: CALCUL — chaque résultat est une FORMULE (base RCM, ×1,25, supplément d'assiette, taux effectif)
A3: Exercice | B3: Base RCM / foyer = TTC ÷ 2 | C3: Assiette IR = base × 1,25 | D3: Supplément d'assiette (+25%) = assiette − base
A4: 2023 | B4: =ROUND(Sources!B5/2,0) | C4: =ROUND(B4*1.25,0) | D4: =C4-B4
A5: 2024 | B5: =ROUND(Sources!B6/2,0) | C5: =ROUND(B5*1.25,0) | D5: =C5-B5
A6: 2025 | B6: =ROUND(Sources!B7/2,0) | C6: =ROUND(B6*1.25,0) | D6: =C6-B6
A7: Total | B7: =SUM(B4:B6) | C7: =SUM(C4:C6) | D7: =SUM(D4:D6)
A9: Taux effectif du prélèvement = supplément notifié par le service ÷ base RCM distribuée
A10: Foyer | B10: Supplément notifié (3 ans) | C10: Base RCM (3 ans) | D10: Taux effectif global | E10: Majoration 40% notifiée (3 ans) | F10: Taux HORS majoration 40%
A11: PASTEUR | B11: =Sources!B15 | C11: =B7 | D11: =B11/C11 | E11: =Sources!D15 | F11: =(B11-E11)/C11
A12: BEHEM | B12: =Sources!C15 | C12: =B7 | D12: =B12/C12 | E12: =Sources!E15 | F12: =(B12-E12)/C12
A14: Écart PASTEUR − BEHEM (à base identique) | D14: =B11-B12
A15: → Cet écart (24 242 €) ne vient QUE de l'IR au barème : à base distribuée identique (235 913 €), le ×1,25, la majoration de 40 % et les prélèvements sociaux sont des multiplicateurs identiques pour les deux foyers. Seul l'IR progressif diffère, selon les autres revenus et le quotient familial de chaque foyer — données non communiquées (voir Méthode).

Sheet Méthode
A1: MÉTHODE — d'où vient chaque chiffre
A3: 1. Base RCM par foyer. Le service part des discordances TTC de sa reconstitution société (onglet Sources, B5:B7 : 193 234,55 / 138 863,57 / 139 727,76 €, proposition du 18/05/2026). La distribution réputée est répartie par moitié entre les deux co-gérants : base RCM/foyer = TTC ÷ 2 (onglet Calcul, colonne B, formule =Sources!B/2).
A4: 2. Assiette IR. L'assiette ajoutée au revenu imposable est la base RCM majorée du coefficient de 1,25 (art. 158-7-2° CGI) : assiette = base × 1,25 (colonne C, formule =ROUND(B*1,25;0)).
A5: 3. Supplément d'assiette (+25%). = assiette − base (colonne D). Total 3 ans et 2 foyers : 58 978 € par foyer.
A6: 4. Suppléments d'impôt. Les montants 196 945 € (PASTEUR) et 172 703 € (BEHEM) sont ceux NOTIFIÉS par le service dans les deux propositions personnelles du 19/10/2026 (PDF scannés, onglet Sources B12:C14). Ils ne sont pas recalculés ici : l'impôt sur le revenu au barème dépend des AUTRES revenus de chaque foyer et de son quotient familial, qui ne figurent sur aucune pièce communiquée (pas de déclaration 2042 au dossier).
A7: 5. Taux effectif. = supplément notifié ÷ base RCM distribuée (onglet Calcul, colonne D). PASTEUR 83,5 %, BEHEM 73,2 %.
A8: 6. Taux hors pénalité. = (supplément − majoration de 40 %) ÷ base (colonne F). PASTEUR 67,3 %, BEHEM 58,8 %. C'est ce taux, débarrassé de la sanction de 40 % que la défense conteste, qui doit servir toute discussion sur le caractère confiscatoire (sinon l'argument présuppose le maintien de ce que l'on conteste).
A9: 7. Écart PASTEUR / BEHEM. À base distribuée identique (235 913 €), le ×1,25, la majoration de 40 % et les prélèvements sociaux 17,2 % sont des multiplicateurs plats identiques pour les deux foyers. Le seul facteur qui diffère est l'IR au barème (progressif). L'écart de 24 242 € s'explique donc intégralement par la position de chaque foyer dans le barème — non reconstituable sans le revenu global de chaque foyer.
A10: LIMITE. La ventilation interne du service (IR au barème / majoration 40 % / intérêts / prélèvements sociaux) portée sur les propositions scannées ne se reconstitue pas : la majoration de 40 % affichée n'égale pas 40 % de l'IR indiqué (sa base est le droit éludé net), et le poste « prélèvements sociaux » n'égale pas 17,2 % de la base (16 618 € attendus en 2023). Seuls les totaux notifiés et la cascade base→×1,25 sont certains. Le détail de liquidation foyer par foyer doit être réclamé au service.
