Workbook

Sheet Sources
A1: Sources — pages récapitulatives datées des inventaires (p. 1 de chaque PDF) et variations retenues par le service
A3: 1. Postes BOISSONS lus sur les récapitulatifs datés
A4: Clôture | B4: Boissons sans alcool (€) | C4: Vins & Alcools (€) | D4: Total boissons IMPRIMÉ (€) | E4: Total inventaire IMPRIMÉ toutes familles (€) | F4: Source (récapitulatif daté, page 1)
A5: 31/03/2022 | F5: Inventaire d'ouverture 31/03/2022 NON PRODUIT — postes boissons indisponibles
A6: 31/03/2023 | B6: 727.7 | C6: 3050.29 | E6: 7030.61 | F6: Inventaire_Demi_Lune_2023-03-31.pdf : « BOISSONS SANS ALCOOL 727,70 € », « ALCOOLS ET VINS 3 050,29 € » ; aucun sous-total boissons imprimé, seul TOTAL mixte 7 030,61 €
A7: 31/03/2024 | B7: 870.59 | C7: 3937.07 | D7: 4807.6 | E7: 9873.07 | F7: Inventaire_Demi_Lune_2024-03-31.pdf : « Boissons sans alcool 870,59 € », « Vins & Alcools 3 937,07 € », « Total : 4 807,60 € » ; TOTAL INVENTAIRE 9 873,07 €
A8: 31/03/2025 | B8: 765.74 | C8: 3768.51 | D8: 4534.25 | E8: 9774.17 | F8: Inventaire_Demi_Lune_2025-03-31.pdf : « sans alcool 765,74 € », « Vins et Alcools 3 768,51 € », « BOISSONS 4 534,25 € » ; TOTAL 9 774,17 €
A10: 2. Variation de stock BOISSONS retenue par le service (SI − SF, compte 310200)
A11: Exercice clos le | B11: Variation stocks Boissons retenue (€) | C11: Source
A12: 31/03/2023 | B12: -800.83 | C12: Proposition_1_Lettre.txt p.34-35 ; synthèse 04-rejet-comptabilite-3.md : « Variation stocks Boissons − 800,83 € »
A13: 31/03/2024 | B13: -1029.67 | C13: idem : « − 1 029,67 € » (colonne 31/03/2024)
A14: 31/03/2025 | B14: -273.41 | C14: idem : « − 273,41 € » (colonne 31/03/2025) ; repris aussi Proposition_4_Annexes_Finales.txt

Sheet Calcul
A1: Calcul — reconstitution de la variation de stock boissons (SI − SF) PAR FORMULE, à partir de l'onglet Sources
A3: A. Stock final boissons à chaque clôture : somme des deux sous-lignes vs total imprimé
A4: Clôture | B4: Somme sous-lignes (sans alcool + vins/alcools) | C4: Total boissons imprimé | D4: Écart interne au document (somme − imprimé)
A5: 31/03/2023 | B5: =Sources!B6+Sources!C6 | C5: =IF(Sources!D6="","aucun total boissons imprimé",Sources!D6) | D5: =IF(Sources!D6="","n/a (pas de total imprimé)",ROUND(B5-Sources!D6,2))
A6: 31/03/2024 | B6: =Sources!B7+Sources!C7 | C6: =Sources!D7 | D6: =IF(Sources!D7="","n/a (pas de total imprimé)",ROUND(B6-Sources!D7,2))
A7: 31/03/2025 | B7: =Sources!B8+Sources!C8 | C7: =Sources!D8 | D7: =IF(Sources!D8="","n/a (pas de total imprimé)",ROUND(B7-Sources!D8,2))
A9: B. Variation de stock boissons par exercice : SI − SF, comparée à la variation retenue par le service
A10: Exercice | B10: Stock initial SI (€) | C10: Stock final SF (€) | D10: Variation SI − SF (convention 310200) | E10: Variation retenue par le service (€) | F10: Écart SI−SF vs service (€) | G10: Lecture
A11: 2022-2023 (clos 31/03/2023) | B11: non disponible | C11: =B5 | D11: non calculable | E11: =Sources!B12 | F11: non calculable | G11: Pas d'inventaire au 31/03/2022 : le −800,83 € du service n'est ni vérifiable ni réfutable sur nos états
A12: 2023-2024 (clos 31/03/2024) | B12: =B5 | C12: =B6 | D12: =ROUND(B12-C12,2) | E12: =Sources!B13 | F12: =ROUND(D12-E12,2) | G12: Concordance au centime avec la SOMME des sous-lignes ; écart de 0,06 € avec le total boissons imprimé (4 807,60 €)
A13: 2024-2025 (clos 31/03/2025) | B13: =B6 | C13: =B7 | D13: =ROUND(B13-C13,2) | E13: =Sources!B14 | F13: =ROUND(D13-E13,2) | G13: Même magnitude (273,41 €) mais SIGNE INVERSÉ : stock en baisse => SI−SF positif, le service a porté −273,41 €. Écart 546,82 €, favorable au restaurant (minore le disponible)

Sheet Méthode
A1: Méthode — d'où vient chaque chiffre
A3: Objet : vérifier, pièce en main, la variation de stock BOISSONS que le service additionne aux achats
A4: pour obtenir le « volume disponible » (formule p. 74 : disponible = achats + variation de stock, compte 310200).
A6: Convention de signe (plan comptable) : variation de stock = stock initial (SI) − stock final (SF).
A7: Un stock qui AUGMENTE donne une variation NÉGATIVE (elle réduit le disponible) ; un stock qui BAISSE donne une variation POSITIVE.
A9: 1. Postes boissons (onglet Sources, bloc 1) : relevés sur la page récapitulative datée (page 1) de chaque inventaire PDF.
A10: - 31/03/2023 : le récapitulatif n'imprime AUCUN sous-total « boissons » ; seul figure le TOTAL mixte 7 030,61 €.
A11: Le poste boissons 3 777,99 € est donc une SOMME que nous reconstituons (727,70 + 3 050,29), non un total imprimé.
A12: - 31/03/2024 : le récapitulatif imprime « Total : 4 807,60 € », alors que la somme de ses deux sous-lignes
A13: (870,59 + 3 937,07) vaut 4 807,66 €. Le document est donc INTERNEMENT INCOHÉRENT de 0,06 € (onglet Calcul, bloc A).
A14: Le total inventaire imprimé (9 873,07 €) est d'ailleurs bâti sur 4 807,60 €, pas sur 4 807,66 €.
A15: - 31/03/2025 : le récapitulatif imprime « BOISSONS 4 534,25 € », égal à la somme de ses sous-lignes (765,74 + 3 768,51). Cohérent.
... A36: pas de contenance imprimée et devraient être déduites du prix unitaire : conversion NON déterminée, écartée de la présente pièce.
